,danceability,energy,key,loudness,mode,speechiness,acousticness,instrumentalness,liveness,valence,tempo,type,id,uri,track_href,analysis_url,duration_ms,time_signature,name,album,artist,track.popularity,track.album.release_date,playlist_name
0,0.791,0.619,1,-5.886,1,0.0532,0.00784,0.00423,0.351,0.371,103.989,audio_features,1xznGGDReH1oQq0xzbwXa3,spotify:track:1xznGGDReH1oQq0xzbwXa3,https://api.spotify.com/v1/tracks/1xznGGDReH1oQq0xzbwXa3,https://api.spotify.com/v1/audio-analysis/1xznGGDReH1oQq0xzbwXa3,173986,4,One Dance,Views,"Drake , WizKid , Kyla",18,2016-05-06,Top Tracks of 2016
1,0.494,0.559,0,-5.445,1,0.0565,0.436,0.0,0.164,0.264,119.247,audio_features,12REd1n8PeiHHWOh066tpr,spotify:track:12REd1n8PeiHHWOh066tpr,https://api.spotify.com/v1/tracks/12REd1n8PeiHHWOh066tpr,https://api.spotify.com/v1/audio-analysis/12REd1n8PeiHHWOh066tpr,233337,4,Never Be Like You,Skin,"Flume , Kai",51,2016-05-27,Top Tracks of 2016
2,0.532,0.869,11,-5.094,1,0.172,0.157,0.00508,0.136,0.422,159.803,audio_features,1i1fxkWeaMmKEB4T7zqbzK,spotify:track:1i1fxkWeaMmKEB4T7zqbzK,https://api.spotify.com/v1/tracks/1i1fxkWeaMmKEB4T7zqbzK,https://api.spotify.com/v1/audio-analysis/1i1fxkWeaMmKEB4T7zqbzK,208373,4,Don't Let Me Down,Don't Let Me Down,"The Chainsmokers , Daya",79,2016-02-05,Top Tracks of 2016
3,0.63,0.928,9,-2.787,0,0.0331,0.199,0.124,0.148,0.465,123.963,audio_features,0azC730Exh71aQlOt9Zj3y,spotify:track:0azC730Exh71aQlOt9Zj3y,https://api.spotify.com/v1/tracks/0azC730Exh71aQlOt9Zj3y,https://api.spotify.com/v1/audio-analysis/0azC730Exh71aQlOt9Zj3y,222160,4,This Is What You Came For,This Is What You Came For,"Calvin Harris , Rihanna",78,2016-04-29,Top Tracks of 2016
4,0.803,0.585,8,-5.861,1,0.0432,0.103,3.94e-06,0.0644,0.593,105.017,audio_features,4tCtwWceOPWzenK2HAIJSb,spotify:track:4tCtwWceOPWzenK2HAIJSb,https://api.spotify.com/v1/tracks/4tCtwWceOPWzenK2HAIJSb,https://api.spotify.com/v1/audio-analysis/4tCtwWceOPWzenK2HAIJSb,214480,4,Work from Home (feat. Ty Dolla $ign),7/27 (Deluxe),"Fifth Harmony , Ty Dolla $ign",76,2016-05-27,Top Tracks of 2016
5,0.748,0.524,8,-5.599,1,0.0338,0.414,0.0,0.111,0.661,95.01,audio_features,7BKLCZ1jbUBVqRi2FVlTVw,spotify:track:7BKLCZ1jbUBVqRi2FVlTVw,https://api.spotify.com/v1/tracks/7BKLCZ1jbUBVqRi2FVlTVw,https://api.spotify.com/v1/audio-analysis/7BKLCZ1jbUBVqRi2FVlTVw,244960,4,Closer,Closer,"The Chainsmokers , Halsey",84,2016-07-29,Top Tracks of 2016
6,0.608,0.798,6,-5.092,0,0.0432,0.0736,0.0,0.156,0.501,92.943,audio_features,6DNtNfH8hXkqOX1sjqmI7p,spotify:track:6DNtNfH8hXkqOX1sjqmI7p,https://api.spotify.com/v1/tracks/6DNtNfH8hXkqOX1sjqmI7p,https://api.spotify.com/v1/audio-analysis/6DNtNfH8hXkqOX1sjqmI7p,185351,4,Cold Water (feat. Justin Bieber & MØ),Cold Water (feat. Justin Bieber & MØ),"Major Lazer , Justin Bieber , MØ",18,2016-07-22,Top Tracks of 2016
7,0.576,0.766,10,-4.943,0,0.449,0.028,1.68e-06,0.366,0.236,144.833,audio_features,5OOkp4U9P9oL23maHFHL1h,spotify:track:5OOkp4U9P9oL23maHFHL1h,https://api.spotify.com/v1/tracks/5OOkp4U9P9oL23maHFHL1h,https://api.spotify.com/v1/audio-analysis/5OOkp4U9P9oL23maHFHL1h,246761,4,Panda,New English,Desiigner,4,2016-06-26,Top Tracks of 2016
8,0.628,0.698,6,-5.608,0,0.105,0.0472,0.00143,0.0907,0.732,89.976,audio_features,27SdWb2rFzO6GWiYDBTD9j,spotify:track:27SdWb2rFzO6GWiYDBTD9j,https://api.spotify.com/v1/tracks/27SdWb2rFzO6GWiYDBTD9j,https://api.spotify.com/v1/audio-analysis/27SdWb2rFzO6GWiYDBTD9j,211666,4,Cheap Thrills,This Is Acting,Sia,76,2016-01-29,Top Tracks of 2016
9,0.598,0.532,3,-6.833,0,0.0295,0.0668,3.22e-06,0.0617,0.261,74.963,audio_features,4sQMalN597HdggTu196aL0,spotify:track:4sQMalN597HdggTu196aL0,https://api.spotify.com/v1/tracks/4sQMalN597HdggTu196aL0,https://api.spotify.com/v1/audio-analysis/4sQMalN597HdggTu196aL0,262521,4,Say It (feat. Tove Lo),Skin,"Flume , Tove Lo",5,2016-05-27,Top Tracks of 2016
10,0.725,0.534,11,-6.238,1,0.0946,0.0752,0.0,0.0919,0.558,91.974,audio_features,14WWzenpaEgQZlqPq2nk4v,spotify:track:14WWzenpaEgQZlqPq2nk4v,https://api.spotify.com/v1/tracks/14WWzenpaEgQZlqPq2nk4v,https://api.spotify.com/v1/audio-analysis/14WWzenpaEgQZlqPq2nk4v,219320,4,Work,ANTI (Deluxe),"Rihanna , Drake",15,2016-01-28,Top Tracks of 2016
11,0.584,0.7,11,-4.275,1,0.0456,0.117,0.0,0.0939,0.438,124.944,audio_features,0PDUDa38GO8lMxLCRc4lL1,spotify:track:0PDUDa38GO8lMxLCRc4lL1,https://api.spotify.com/v1/tracks/0PDUDa38GO8lMxLCRc4lL1,https://api.spotify.com/v1/audio-analysis/0PDUDa38GO8lMxLCRc4lL1,202746,4,PILLOWTALK,Mind Of Mine (Deluxe Edition),ZAYN,77,2016-03-25,Top Tracks of 2016
12,0.804,0.648,7,-7.805,1,0.117,0.0573,3.49e-05,0.102,0.392,117.983,audio_features,11KJSRSgaDxqydKYiD2Jew,spotify:track:11KJSRSgaDxqydKYiD2Jew,https://api.spotify.com/v1/tracks/11KJSRSgaDxqydKYiD2Jew,https://api.spotify.com/v1/audio-analysis/11KJSRSgaDxqydKYiD2Jew,263373,4,Too Good,Views,"Drake , Rihanna",11,2016-05-06,Top Tracks of 2016
13,0.667,0.83,0,-5.715,1,0.0749,0.0123,0.0,0.191,0.701,113.03,audio_features,6JV2JOEocMgcZxYSZelKcc,spotify:track:6JV2JOEocMgcZxYSZelKcc,https://api.spotify.com/v1/tracks/6JV2JOEocMgcZxYSZelKcc,https://api.spotify.com/v1/audio-analysis/6JV2JOEocMgcZxYSZelKcc,236001,4,"CAN'T STOP THE FEELING! (Original Song from DreamWorks Animation's ""TROLLS"")","CAN'T STOP THE FEELING! (Original Song from DreamWorks Animation's ""TROLLS"")",Justin Timberlake,77,2016-05-06,Top Tracks of 2016
14,0.671,0.314,5,-8.091,0,0.244,0.11,0.0,0.0825,0.296,110.898,audio_features,1Tt4sE4pXi57mTD1GCzsqm,spotify:track:1Tt4sE4pXi57mTD1GCzsqm,https://api.spotify.com/v1/tracks/1Tt4sE4pXi57mTD1GCzsqm,https://api.spotify.com/v1/audio-analysis/1Tt4sE4pXi57mTD1GCzsqm,191600,4,Needed Me,ANTI,Rihanna,22,2016-01-28,Top Tracks of 2016
15,0.492,0.275,6,-13.4,0,0.3,0.687,0.0,0.101,0.18,92.6,audio_features,7vRriwrloYVaoAe3a9wJHe,spotify:track:7vRriwrloYVaoAe3a9wJHe,https://api.spotify.com/v1/tracks/7vRriwrloYVaoAe3a9wJHe,https://api.spotify.com/v1/audio-analysis/7vRriwrloYVaoAe3a9wJHe,251033,4,"i hate u, i love u (feat. olivia o'brien)",us,"gnash , Olivia O'Brien",80,2016-03-25,Top Tracks of 2016
16,0.732,0.396,4,-9.348,0,0.0286,0.0841,3.58e-05,0.105,0.548,90.024,audio_features,6i0V12jOa3mr6uu4WYhUBr,spotify:track:6i0V12jOa3mr6uu4WYhUBr,https://api.spotify.com/v1/tracks/6i0V12jOa3mr6uu4WYhUBr,https://api.spotify.com/v1/audio-analysis/6i0V12jOa3mr6uu4WYhUBr,195920,4,Heathens,Heathens,Twenty One Pilots,80,2016-06-16,Top Tracks of 2016
17,0.476,0.718,8,-5.309,1,0.0576,0.0784,1.02e-05,0.122,0.142,199.864,audio_features,4pdPtRcBmOSQDlJ3Fk945m,spotify:track:4pdPtRcBmOSQDlJ3Fk945m,https://api.spotify.com/v1/tracks/4pdPtRcBmOSQDlJ3Fk945m,https://api.spotify.com/v1/audio-analysis/4pdPtRcBmOSQDlJ3Fk945m,205946,4,Let Me Love You,Encore,"DJ Snake , Justin Bieber",19,2016-08-05,Top Tracks of 2016
18,0.728,0.563,1,-8.053,0,0.134,0.621,0.0,0.179,0.352,100.017,audio_features,06KyNuuMOX1ROXRhj787tj,spotify:track:06KyNuuMOX1ROXRhj787tj,https://api.spotify.com/v1/tracks/06KyNuuMOX1ROXRhj787tj,https://api.spotify.com/v1/audio-analysis/06KyNuuMOX1ROXRhj787tj,217706,4,We Don't Talk Anymore,Nine Track Mind,"Charlie Puth , Selena Gomez",78,2016-01-29,Top Tracks of 2016
19,0.765,0.473,10,-5.829,1,0.0514,0.287,0.0,0.391,0.34,119.992,audio_features,5kqIPrATaCc2LqxVWzQGbk,spotify:track:5kqIPrATaCc2LqxVWzQGbk,https://api.spotify.com/v1/tracks/5kqIPrATaCc2LqxVWzQGbk,https://api.spotify.com/v1/audio-analysis/5kqIPrATaCc2LqxVWzQGbk,237300,4,7 Years,Lukas Graham,Lukas Graham,78,2016-04-01,Top Tracks of 2016
20,0.683,0.797,10,-4.085,0,0.246,0.107,0.0,0.114,0.758,82.916,audio_features,76t5B0ttSAje5KHmQbv88t,spotify:track:76t5B0ttSAje5KHmQbv88t,https://api.spotify.com/v1/tracks/76t5B0ttSAje5KHmQbv88t,https://api.spotify.com/v1/audio-analysis/76t5B0ttSAje5KHmQbv88t,187973,4,Treat You Better,Illuminate (Deluxe),Shawn Mendes,14,2016-09-23,Top Tracks of 2016
21,0.51,0.692,0,-5.825,1,0.171,0.00451,0.0,0.138,0.209,102.42,audio_features,5ZEM9j0jrFr5RdHEbl2MYV,spotify:track:5ZEM9j0jrFr5RdHEbl2MYV,https://api.spotify.com/v1/tracks/5ZEM9j0jrFr5RdHEbl2MYV,https://api.spotify.com/v1/audio-analysis/5ZEM9j0jrFr5RdHEbl2MYV,228361,4,Sex,Sex,"Cheat Codes , Kris Kross Amsterdam",55,2016-03-07,Top Tracks of 2016
22,0.636,0.727,9,-5.852,1,0.106,0.0161,1.12e-06,0.151,0.358,107.988,audio_features,7yHEDfrJNd0zWOfXwydNH0,spotify:track:7yHEDfrJNd0zWOfXwydNH0,https://api.spotify.com/v1/tracks/7yHEDfrJNd0zWOfXwydNH0,https://api.spotify.com/v1/audio-analysis/7yHEDfrJNd0zWOfXwydNH0,244453,4,Into You,Dangerous Woman,Ariana Grande,16,2016-05-20,Top Tracks of 2016
23,0.671,0.916,6,-4.014,0,0.0397,0.0282,0.00762,0.24,0.803,126.01,audio_features,0gb1J5UrTpzaU1s3nupgCd,spotify:track:0gb1J5UrTpzaU1s3nupgCd,https://api.spotify.com/v1/tracks/0gb1J5UrTpzaU1s3nupgCd,https://api.spotify.com/v1/audio-analysis/0gb1J5UrTpzaU1s3nupgCd,189126,4,No Money,No Money,Galantis,70,2016-04-01,Top Tracks of 2016
24,0.653,0.623,6,-5.273,0,0.082,0.253,0.0,0.144,0.401,123.999,audio_features,2wJhFcye5iiW2mVBpGednz,spotify:track:2wJhFcye5iiW2mVBpGednz,https://api.spotify.com/v1/tracks/2wJhFcye5iiW2mVBpGednz,https://api.spotify.com/v1/audio-analysis/2wJhFcye5iiW2mVBpGednz,234213,4,Close,Last Year Was Complicated,"Nick Jonas , Tove Lo",57,2016-06-10,Top Tracks of 2016
25,0.742,0.819,1,-5.307,1,0.0487,0.372,0.0,0.277,0.709,117.986,audio_features,1CUVN2kn7mW5FjkqXTR2W1,spotify:track:1CUVN2kn7mW5FjkqXTR2W1,https://api.spotify.com/v1/tracks/1CUVN2kn7mW5FjkqXTR2W1,https://api.spotify.com/v1/audio-analysis/1CUVN2kn7mW5FjkqXTR2W1,196613,4,Perfect Strangers,Perfect Strangers,"Jonas Blue , JP Cooper",20,2016-06-03,Top Tracks of 2016
26,0.75,0.634,10,-9.498,0,0.0893,0.0557,5.22e-05,0.105,0.565,100.035,audio_features,7dk8N7ZpSU5tUwbmZPnAiG,spotify:track:7dk8N7ZpSU5tUwbmZPnAiG,https://api.spotify.com/v1/tracks/7dk8N7ZpSU5tUwbmZPnAiG,https://api.spotify.com/v1/audio-analysis/7dk8N7ZpSU5tUwbmZPnAiG,253111,4,Don't Worry Bout' It,Don't Worry Bout' It,Kings,50,2016-05-06,Top Tracks of 2016
27,0.502,0.786,9,-4.378,0,0.317,0.255,0.0,0.65,0.739,169.021,audio_features,4dASQiO1Eoo3RJvt74FtXB,spotify:track:4dASQiO1Eoo3RJvt74FtXB,https://api.spotify.com/v1/tracks/4dASQiO1Eoo3RJvt74FtXB,https://api.spotify.com/v1/audio-analysis/4dASQiO1Eoo3RJvt74FtXB,243490,4,"Sucker For Pain (with Wiz Khalifa, Imagine Dragons, Logic & Ty Dolla $ign feat. X Ambassadors)",Sucker For Pain (with Logic & Ty Dolla $ign feat. X Ambassadors),"Lil Wayne , Wiz Khalifa , Imagine Dragons , X Ambassadors , Logic , Ty Dolla $ign",76,2016-06-24,Top Tracks of 2016
28,0.677,0.604,7,-5.32,1,0.0385,0.0612,0.0,0.353,0.297,134.052,audio_features,2h1IPjP471JJRSShTHRUhi,spotify:track:2h1IPjP471JJRSShTHRUhi,https://api.spotify.com/v1/tracks/2h1IPjP471JJRSShTHRUhi,https://api.spotify.com/v1/audio-analysis/2h1IPjP471JJRSShTHRUhi,235946,3,Dangerous Woman,Dangerous Woman,Ariana Grande,12,2016-05-20,Top Tracks of 2016
29,0.695,0.615,4,-4.194,1,0.104,0.379,0.0,0.104,0.532,99.817,audio_features,6DG2g1UhROp5pnM8fx7zH2,spotify:track:6DG2g1UhROp5pnM8fx7zH2,https://api.spotify.com/v1/tracks/6DG2g1UhROp5pnM8fx7zH2,https://api.spotify.com/v1/audio-analysis/6DG2g1UhROp5pnM8fx7zH2,181880,4,Starving,HAIZ,"Hailee Steinfeld , Grey , Zedd",13,2016-07-15,Top Tracks of 2016
30,0.689,0.791,0,-5.194,0,0.053,0.023,0.0,0.0526,0.755,95.04,audio_features,7nD9nN3jord9wWcfW3Gkcm,spotify:track:7nD9nN3jord9wWcfW3Gkcm,https://api.spotify.com/v1/tracks/7nD9nN3jord9wWcfW3Gkcm,https://api.spotify.com/v1/audio-analysis/7nD9nN3jord9wWcfW3Gkcm,210573,4,All In My Head (Flex) (feat. Fetty Wap),7/27 (Deluxe),"Fifth Harmony , Fetty Wap",64,2016-05-27,Top Tracks of 2016
31,0.741,0.626,1,-4.826,0,0.0886,0.02,0.0,0.0828,0.706,108.029,audio_features,2ZyuwVvV6Z3XJaXIFbspeE,spotify:track:2ZyuwVvV6Z3XJaXIFbspeE,https://api.spotify.com/v1/tracks/2ZyuwVvV6Z3XJaXIFbspeE,https://api.spotify.com/v1/audio-analysis/2ZyuwVvV6Z3XJaXIFbspeE,188493,4,Wild Things,Know-It-All (Deluxe),Alessia Cara,63,2015-11-13,Top Tracks of 2016
32,0.611,0.468,10,-11.084,0,0.179,0.0781,0.0,0.101,0.349,92.092,audio_features,4CpKEkdGbOJV51cSvx7SoG,spotify:track:4CpKEkdGbOJV51cSvx7SoG,https://api.spotify.com/v1/tracks/4CpKEkdGbOJV51cSvx7SoG,https://api.spotify.com/v1/audio-analysis/4CpKEkdGbOJV51cSvx7SoG,245226,4,Controlla,Views,Drake,60,2016-05-13,Top Tracks of 2016
33,0.79,0.705,0,-4.684,0,0.0383,0.0807,4.81e-05,0.251,0.501,121.969,audio_features,4AOpEhqA7zHxQjkHmRrAp7,spotify:track:4AOpEhqA7zHxQjkHmRrAp7,https://api.spotify.com/v1/tracks/4AOpEhqA7zHxQjkHmRrAp7,https://api.spotify.com/v1/audio-analysis/4AOpEhqA7zHxQjkHmRrAp7,195561,4,This Girl - Kungs Vs. Cookin' On 3 Burners,This Girl (Kungs Vs. Cookin' On 3 Burners),"Kungs , Cookin' On 3 Burners",18,2016-02-19,Top Tracks of 2016
34,0.687,0.645,1,-8.38,1,0.19,0.0362,0.0,0.201,0.619,84.925,audio_features,0qRZ9ydGdzeVk3S01pLGoJ,spotify:track:0qRZ9ydGdzeVk3S01pLGoJ,https://api.spotify.com/v1/tracks/0qRZ9ydGdzeVk3S01pLGoJ,https://api.spotify.com/v1/audio-analysis/0qRZ9ydGdzeVk3S01pLGoJ,218480,4,You & Me,You & Me,"Marc E. Bassy , G-Eazy",2,2016-05-06,Top Tracks of 2016
35,0.648,0.738,6,-5.883,0,0.247,0.0408,0.0,0.292,0.603,159.145,audio_features,4pLwZjInHj3SimIyN9SnOz,spotify:track:4pLwZjInHj3SimIyN9SnOz,https://api.spotify.com/v1/tracks/4pLwZjInHj3SimIyN9SnOz,https://api.spotify.com/v1/audio-analysis/4pLwZjInHj3SimIyN9SnOz,226160,4,Side To Side,Dangerous Woman,"Ariana Grande , Nicki Minaj",16,2016-05-20,Top Tracks of 2016
36,0.464,0.771,8,-4.503,1,0.336,0.0235,0.0,0.063,0.69,158.777,audio_features,27PmvZoffODNFW2p7ehZTQ,spotify:track:27PmvZoffODNFW2p7ehZTQ,https://api.spotify.com/v1/tracks/27PmvZoffODNFW2p7ehZTQ,https://api.spotify.com/v1/audio-analysis/27PmvZoffODNFW2p7ehZTQ,198236,4,Don't Mind,Don't Mind,Kent Jones,65,2016-04-25,Top Tracks of 2016
37,0.501,0.519,4,-5.88,0,0.0409,0.109,0.0,0.454,0.168,133.99,audio_features,23L5CiUhw2jV1OIMwthR3S,spotify:track:23L5CiUhw2jV1OIMwthR3S,https://api.spotify.com/v1/tracks/23L5CiUhw2jV1OIMwthR3S,https://api.spotify.com/v1/audio-analysis/23L5CiUhw2jV1OIMwthR3S,195706,4,In the Name of Love,In the Name of Love,"Martin Garrix , Bebe Rexha",79,2016-07-29,Top Tracks of 2016
38,0.695,0.672,1,-6.109,0,0.0345,0.014,8.44e-05,0.0756,0.245,104.988,audio_features,4qqArAiTPueDxIp7cf87h7,spotify:track:4qqArAiTPueDxIp7cf87h7,https://api.spotify.com/v1/tracks/4qqArAiTPueDxIp7cf87h7,https://api.spotify.com/v1/audio-analysis/4qqArAiTPueDxIp7cf87h7,235826,4,Final Song,Final Song,MØ,69,2016-05-13,Top Tracks of 2016
39,0.632,0.575,5,-6.478,1,0.029,0.0225,1.81e-06,0.104,0.188,90.037,audio_features,2CPqh63wRVscbceKcPxwvv,spotify:track:2CPqh63wRVscbceKcPxwvv,https://api.spotify.com/v1/tracks/2CPqh63wRVscbceKcPxwvv,https://api.spotify.com/v1/audio-analysis/2CPqh63wRVscbceKcPxwvv,183414,4,The Ocean (feat. Shy Martin),The Ocean (feat. Shy Martin),"Mike Perry , SHY Martin",74,2016-04-15,Top Tracks of 2016
40,0.916,0.804,0,-3.406,1,0.049,0.37,1.18e-05,0.0812,0.538,120.028,audio_features,0rHVd8h0cFwgLgPFem6S60,spotify:track:0rHVd8h0cFwgLgPFem6S60,https://api.spotify.com/v1/tracks/0rHVd8h0cFwgLgPFem6S60,https://api.spotify.com/v1/audio-analysis/0rHVd8h0cFwgLgPFem6S60,196000,4,Girls Like (feat. Zara Larsson),Girls Like (feat. Zara Larsson),"Tinie Tempah , Zara Larsson",65,2016-02-26,Top Tracks of 2016
41,0.681,0.594,7,-4.986,0,0.0486,0.0777,0.0,0.0961,0.417,120.141,audio_features,60lwJa695S26FsYbhCVFVa,spotify:track:60lwJa695S26FsYbhCVFVa,https://api.spotify.com/v1/tracks/60lwJa695S26FsYbhCVFVa,https://api.spotify.com/v1/audio-analysis/60lwJa695S26FsYbhCVFVa,208728,4,Hurts So Good,Astrid S,Astrid S,8,2016-05-20,Top Tracks of 2016
42,0.509,0.637,4,-4.83,0,0.0471,0.0717,1.08e-05,0.0789,0.378,172.006,audio_features,2aksifNn5ph8igDOkPBA02,spotify:track:2aksifNn5ph8igDOkPBA02,https://api.spotify.com/v1/tracks/2aksifNn5ph8igDOkPBA02,https://api.spotify.com/v1/audio-analysis/2aksifNn5ph8igDOkPBA02,224000,3,Love On The Brain,ANTI,Rihanna,22,2016-01-28,Top Tracks of 2016
43,0.465,0.735,6,-3.715,1,0.117,0.0711,0.0,0.0975,0.409,173.935,audio_features,19a3JfW8BQwqHWUMbcqSx8,spotify:track:19a3JfW8BQwqHWUMbcqSx8,https://api.spotify.com/v1/tracks/19a3JfW8BQwqHWUMbcqSx8,https://api.spotify.com/v1/audio-analysis/19a3JfW8BQwqHWUMbcqSx8,196040,4,Famous,The Life Of Pablo,Kanye West,71,2016-06-10,Top Tracks of 2016
44,0.69,0.524,6,-8.39,0,0.103,0.0415,3.16e-06,0.17,0.562,164.023,audio_features,4BHzQ9C00ceJxfG16AlNWb,spotify:track:4BHzQ9C00ceJxfG16AlNWb,https://api.spotify.com/v1/tracks/4BHzQ9C00ceJxfG16AlNWb,https://api.spotify.com/v1/audio-analysis/4BHzQ9C00ceJxfG16AlNWb,223080,4,Send My Love (To Your New Lover),25,Adele,70,2016-06-24,Top Tracks of 2016
45,0.632,0.701,7,-5.921,1,0.146,0.0114,0.0,0.108,0.497,162.958,audio_features,7K5dzhGda2vRTaAWYI3hrb,spotify:track:7K5dzhGda2vRTaAWYI3hrb,https://api.spotify.com/v1/tracks/7K5dzhGda2vRTaAWYI3hrb,https://api.spotify.com/v1/audio-analysis/7K5dzhGda2vRTaAWYI3hrb,215413,4,"Just Like Fire (From the Original Motion Picture ""Alice Through The Looking Glass"")","Just Like Fire (From the Original Motion Picture ""Alice Through The Looking Glass"")",P!nk,68,2016-04-15,Top Tracks of 2016
46,0.671,0.71,9,-6.997,0,0.109,0.335,4.76e-06,0.074,0.233,102.022,audio_features,5dKyZWlgjWw1oJgLa4GCZD,spotify:track:5dKyZWlgjWw1oJgLa4GCZD,https://api.spotify.com/v1/tracks/5dKyZWlgjWw1oJgLa4GCZD,https://api.spotify.com/v1/audio-analysis/5dKyZWlgjWw1oJgLa4GCZD,199179,4,Cool Girl,Lady Wood,Tove Lo,7,2016-10-28,Top Tracks of 2016
47,0.552,0.689,10,-6.444,0,0.0425,0.0915,0.0,0.27,0.349,99.961,audio_features,46jLy47W8rkf8rEX04gMKB,spotify:track:46jLy47W8rkf8rEX04gMKB,https://api.spotify.com/v1/tracks/46jLy47W8rkf8rEX04gMKB,https://api.spotify.com/v1/audio-analysis/46jLy47W8rkf8rEX04gMKB,169773,4,Wherever I Go,Oh My My (Deluxe),OneRepublic,63,2016-12-02,Top Tracks of 2016
48,0.471,0.802,1,-3.599,0,0.27,0.0125,1.45e-06,0.702,0.653,88.615,audio_features,3ge54HUrk1ht3EX5SMhIzZ,spotify:track:3ge54HUrk1ht3EX5SMhIzZ,https://api.spotify.com/v1/tracks/3ge54HUrk1ht3EX5SMhIzZ,https://api.spotify.com/v1/audio-analysis/3ge54HUrk1ht3EX5SMhIzZ,213506,4,NO,Thank You (Deluxe),Meghan Trainor,34,2016-05-13,Top Tracks of 2016
49,0.68,0.594,7,-7.021,1,0.28,0.159,2.35e-06,0.134,0.475,186.04,audio_features,7lQqaqZu0vjxzpdATOIsDt,spotify:track:7lQqaqZu0vjxzpdATOIsDt,https://api.spotify.com/v1/tracks/7lQqaqZu0vjxzpdATOIsDt,https://api.spotify.com/v1/audio-analysis/7lQqaqZu0vjxzpdATOIsDt,230466,4,Starboy,Starboy,"The Weeknd , Daft Punk",13,2016-09-22,Top Tracks of 2016
50,0.791,0.619,1,-5.886,1,0.0532,0.00784,0.00423,0.351,0.371,103.989,audio_features,1xznGGDReH1oQq0xzbwXa3,spotify:track:1xznGGDReH1oQq0xzbwXa3,https://api.spotify.com/v1/tracks/1xznGGDReH1oQq0xzbwXa3,https://api.spotify.com/v1/audio-analysis/1xznGGDReH1oQq0xzbwXa3,173986,4,One Dance,Views,"Drake , WizKid , Kyla",18,2016-05-06,Top Tracks of 2016
51,0.54,0.59,0,-4.359,1,0.0528,0.446,0.0,0.14,0.267,119.878,audio_features,3aOOdPuYGCRzrFEiTXABEd,spotify:track:3aOOdPuYGCRzrFEiTXABEd,https://api.spotify.com/v1/tracks/3aOOdPuYGCRzrFEiTXABEd,https://api.spotify.com/v1/audio-analysis/3aOOdPuYGCRzrFEiTXABEd,234909,4,Never Be Like You,Never Be Like You,"Flume , Kai",37,2016-01-16,Top Tracks of 2016
52,0.532,0.869,11,-5.094,1,0.172,0.157,0.00508,0.136,0.422,159.803,audio_features,1i1fxkWeaMmKEB4T7zqbzK,spotify:track:1i1fxkWeaMmKEB4T7zqbzK,https://api.spotify.com/v1/tracks/1i1fxkWeaMmKEB4T7zqbzK,https://api.spotify.com/v1/audio-analysis/1i1fxkWeaMmKEB4T7zqbzK,208373,4,Don't Let Me Down,Don't Let Me Down,"The Chainsmokers , Daya",79,2016-02-05,Top Tracks of 2016
53,0.748,0.524,8,-5.599,1,0.0338,0.414,0.0,0.111,0.661,95.01,audio_features,7BKLCZ1jbUBVqRi2FVlTVw,spotify:track:7BKLCZ1jbUBVqRi2FVlTVw,https://api.spotify.com/v1/tracks/7BKLCZ1jbUBVqRi2FVlTVw,https://api.spotify.com/v1/audio-analysis/7BKLCZ1jbUBVqRi2FVlTVw,244960,4,Closer,Closer,"The Chainsmokers , Halsey",84,2016-07-29,Top Tracks of 2016
54,0.673,0.79,7,-4.663,0,0.0893,0.037,9.95e-06,0.0875,0.705,102.013,audio_features,7vfWgVGiLgnGbInU5lvSQg,spotify:track:7vfWgVGiLgnGbInU5lvSQg,https://api.spotify.com/v1/tracks/7vfWgVGiLgnGbInU5lvSQg,https://api.spotify.com/v1/audio-analysis/7vfWgVGiLgnGbInU5lvSQg,199226,4,I Took A Pill In Ibiza - Seeb Remix,I Took A Pill In Ibiza (Seeb Remix),"Mike Posner , Seeb",15,2015-07-24,Top Tracks of 2016
55,0.63,0.928,9,-2.787,0,0.0331,0.199,0.124,0.148,0.465,123.963,audio_features,0azC730Exh71aQlOt9Zj3y,spotify:track:0azC730Exh71aQlOt9Zj3y,https://api.spotify.com/v1/tracks/0azC730Exh71aQlOt9Zj3y,https://api.spotify.com/v1/audio-analysis/0azC730Exh71aQlOt9Zj3y,222160,4,This Is What You Came For,This Is What You Came For,"Calvin Harris , Rihanna",78,2016-04-29,Top Tracks of 2016
56,0.599,0.533,3,-6.828,0,0.0311,0.0693,3.26e-06,0.0616,0.262,75.373,audio_features,3tW6NhWt9RgFpZxJBWYA3U,spotify:track:3tW6NhWt9RgFpZxJBWYA3U,https://api.spotify.com/v1/tracks/3tW6NhWt9RgFpZxJBWYA3U,https://api.spotify.com/v1/audio-analysis/3tW6NhWt9RgFpZxJBWYA3U,262521,4,Say It,Say It,"Flume , Tove Lo",29,2016-04-21,Top Tracks of 2016
57,0.608,0.798,6,-5.092,0,0.0432,0.0736,0.0,0.156,0.501,92.943,audio_features,3Si8y5xSh5wcn26l2yqV84,spotify:track:3Si8y5xSh5wcn26l2yqV84,https://api.spotify.com/v1/tracks/3Si8y5xSh5wcn26l2yqV84,https://api.spotify.com/v1/audio-analysis/3Si8y5xSh5wcn26l2yqV84,185351,4,Cold Water (feat. Justin Bieber & MØ),Cold Water (feat. Justin Bieber & MØ),"Major Lazer , Justin Bieber , MØ",52,2016-07-22,Top Tracks of 2016
58,0.765,0.473,10,-5.829,1,0.0514,0.287,0.0,0.391,0.34,119.992,audio_features,5kqIPrATaCc2LqxVWzQGbk,spotify:track:5kqIPrATaCc2LqxVWzQGbk,https://api.spotify.com/v1/tracks/5kqIPrATaCc2LqxVWzQGbk,https://api.spotify.com/v1/audio-analysis/5kqIPrATaCc2LqxVWzQGbk,237300,4,7 Years,Lukas Graham,Lukas Graham,78,2016-04-01,Top Tracks of 2016
59,0.628,0.698,6,-5.608,0,0.105,0.0472,0.00143,0.0907,0.732,89.976,audio_features,6P4DcGPAqhBz8HrTrwPNNh,spotify:track:6P4DcGPAqhBz8HrTrwPNNh,https://api.spotify.com/v1/tracks/6P4DcGPAqhBz8HrTrwPNNh,https://api.spotify.com/v1/audio-analysis/6P4DcGPAqhBz8HrTrwPNNh,211666,4,Cheap Thrills,This Is Acting,Sia,58,2016-01-29,Top Tracks of 2016
60,0.609,0.378,4,-9.828,1,0.438,0.835,0.0,0.28,0.515,100.418,audio_features,3hB5DgAiMAQ4DzYbsMq1IT,spotify:track:3hB5DgAiMAQ4DzYbsMq1IT,https://api.spotify.com/v1/tracks/3hB5DgAiMAQ4DzYbsMq1IT,https://api.spotify.com/v1/audio-analysis/3hB5DgAiMAQ4DzYbsMq1IT,233720,4,Love Yourself,Purpose (Deluxe),Justin Bieber,22,2015-11-13,Top Tracks of 2016
61,0.6,0.412,8,-9.343,1,0.344,0.615,0.0025,0.134,0.408,113.049,audio_features,6WhzFzROw3aq3rPWjgYlxr,spotify:track:6WhzFzROw3aq3rPWjgYlxr,https://api.spotify.com/v1/tracks/6WhzFzROw3aq3rPWjgYlxr,https://api.spotify.com/v1/audio-analysis/6WhzFzROw3aq3rPWjgYlxr,225882,5,Gold,Gold,Kiiara,59,2015-10-26,Top Tracks of 2016
62,0.492,0.275,6,-13.4,0,0.3,0.687,0.0,0.101,0.18,92.6,audio_features,7vRriwrloYVaoAe3a9wJHe,spotify:track:7vRriwrloYVaoAe3a9wJHe,https://api.spotify.com/v1/tracks/7vRriwrloYVaoAe3a9wJHe,https://api.spotify.com/v1/audio-analysis/7vRriwrloYVaoAe3a9wJHe,251033,4,"i hate u, i love u (feat. olivia o'brien)",us,"gnash , Olivia O'Brien",80,2016-03-25,Top Tracks of 2016
63,0.804,0.648,7,-7.805,1,0.117,0.0573,3.49e-05,0.102,0.392,117.983,audio_features,11KJSRSgaDxqydKYiD2Jew,spotify:track:11KJSRSgaDxqydKYiD2Jew,https://api.spotify.com/v1/tracks/11KJSRSgaDxqydKYiD2Jew,https://api.spotify.com/v1/audio-analysis/11KJSRSgaDxqydKYiD2Jew,263373,4,Too Good,Views,"Drake , Rihanna",11,2016-05-06,Top Tracks of 2016
64,0.803,0.585,8,-5.861,1,0.0432,0.103,3.94e-06,0.0644,0.593,105.017,audio_features,4tCtwWceOPWzenK2HAIJSb,spotify:track:4tCtwWceOPWzenK2HAIJSb,https://api.spotify.com/v1/tracks/4tCtwWceOPWzenK2HAIJSb,https://api.spotify.com/v1/audio-analysis/4tCtwWceOPWzenK2HAIJSb,214480,4,Work from Home (feat. Ty Dolla $ign),7/27 (Deluxe),"Fifth Harmony , Ty Dolla $ign",76,2016-05-27,Top Tracks of 2016
65,0.459,0.587,9,-6.983,1,0.0785,0.453,0.0,0.307,0.581,113.901,audio_features,6OZh916QF8XNunWaP97WEZ,spotify:track:6OZh916QF8XNunWaP97WEZ,https://api.spotify.com/v1/tracks/6OZh916QF8XNunWaP97WEZ,https://api.spotify.com/v1/audio-analysis/6OZh916QF8XNunWaP97WEZ,212424,4,Fast Car,Fast Car,"Jonas Blue , Dakota",20,2015-12-04,Top Tracks of 2016
66,0.589,0.651,6,-5.097,1,0.0306,0.0291,3.2e-06,0.111,0.166,90.011,audio_features,1brwdYwjltrJo7WHpIvbYt,spotify:track:1brwdYwjltrJo7WHpIvbYt,https://api.spotify.com/v1/tracks/1brwdYwjltrJo7WHpIvbYt,https://api.spotify.com/v1/audio-analysis/1brwdYwjltrJo7WHpIvbYt,212626,4,Faded,Faded,Alan Walker,18,2015-12-04,Top Tracks of 2016
67,0.679,0.734,10,-5.542,0,0.444,0.0241,1.65e-06,0.369,0.245,145.028,audio_features,46THN9jjPWhSqFUu6YsBhv,spotify:track:46THN9jjPWhSqFUu6YsBhv,https://api.spotify.com/v1/tracks/46THN9jjPWhSqFUu6YsBhv,https://api.spotify.com/v1/audio-analysis/46THN9jjPWhSqFUu6YsBhv,247866,4,Panda,Panda,Desiigner,10,2016-02-26,Top Tracks of 2016
68,0.734,0.637,4,-5.677,0,0.141,0.0462,2.29e-05,0.0602,0.648,169.977,audio_features,0lAB2lC6h4YhBIdkYYbpQH,spotify:track:0lAB2lC6h4YhBIdkYYbpQH,https://api.spotify.com/v1/tracks/0lAB2lC6h4YhBIdkYYbpQH,https://api.spotify.com/v1/audio-analysis/0lAB2lC6h4YhBIdkYYbpQH,202333,4,Stressed Out,Stressed Out,Twenty One Pilots,49,2015-04-28,Top Tracks of 2016
69,0.766,0.5,11,-7.558,1,0.0695,0.719,5.91e-06,0.304,0.71,84.044,audio_features,6oSmp7qnvAxUXeUKhl67a6,spotify:track:6oSmp7qnvAxUXeUKhl67a6,https://api.spotify.com/v1/tracks/6oSmp7qnvAxUXeUKhl67a6,https://api.spotify.com/v1/audio-analysis/6oSmp7qnvAxUXeUKhl67a6,239280,4,1955,"Drinking From The Sun, Walking Under Stars Restrung","Hilltop Hoods , Montaigne , Tom Thum",64,2016-02-19,Top Tracks of 2016
70,0.713,0.802,4,-7.055,1,0.0561,0.0435,0.00377,0.309,0.343,100.001,audio_features,3vv9phIu6Y1vX3jcqaGz5Z,spotify:track:3vv9phIu6Y1vX3jcqaGz5Z,https://api.spotify.com/v1/tracks/3vv9phIu6Y1vX3jcqaGz5Z,https://api.spotify.com/v1/audio-analysis/3vv9phIu6Y1vX3jcqaGz5Z,226738,4,Roses,Roses,"The Chainsmokers , ROZES",71,2015-06-16,Top Tracks of 2016
71,0.654,0.76,0,-3.669,0,0.045,0.0797,0.0,0.299,0.41,99.945,audio_features,69bp2EbF7Q2rqc5N3ylezZ,spotify:track:69bp2EbF7Q2rqc5N3ylezZ,https://api.spotify.com/v1/tracks/69bp2EbF7Q2rqc5N3ylezZ,https://api.spotify.com/v1/audio-analysis/69bp2EbF7Q2rqc5N3ylezZ,200786,4,Sorry,Purpose (Deluxe),Justin Bieber,19,2015-11-13,Top Tracks of 2016
72,0.694,0.712,7,-3.923,0,0.046,0.133,0.0,0.211,0.799,98.022,audio_features,0r4SsYcwvd8URat6AS2m6f,spotify:track:0r4SsYcwvd8URat6AS2m6f,https://api.spotify.com/v1/tracks/0r4SsYcwvd8URat6AS2m6f,https://api.spotify.com/v1/audio-analysis/0r4SsYcwvd8URat6AS2m6f,201122,4,Lush Life,Lush Life,Zara Larsson,19,2015-06-09,Top Tracks of 2016
73,0.725,0.534,11,-6.238,1,0.0946,0.0752,0.0,0.0919,0.558,91.974,audio_features,14WWzenpaEgQZlqPq2nk4v,spotify:track:14WWzenpaEgQZlqPq2nk4v,https://api.spotify.com/v1/tracks/14WWzenpaEgQZlqPq2nk4v,https://api.spotify.com/v1/audio-analysis/14WWzenpaEgQZlqPq2nk4v,219320,4,Work,ANTI (Deluxe),"Rihanna , Drake",15,2016-01-28,Top Tracks of 2016
74,0.667,0.83,0,-5.715,1,0.0749,0.0123,0.0,0.191,0.701,113.03,audio_features,6JV2JOEocMgcZxYSZelKcc,spotify:track:6JV2JOEocMgcZxYSZelKcc,https://api.spotify.com/v1/tracks/6JV2JOEocMgcZxYSZelKcc,https://api.spotify.com/v1/audio-analysis/6JV2JOEocMgcZxYSZelKcc,236001,4,"CAN'T STOP THE FEELING! (Original Song from DreamWorks Animation's ""TROLLS"")","CAN'T STOP THE FEELING! (Original Song from DreamWorks Animation's ""TROLLS"")",Justin Timberlake,77,2016-05-06,Top Tracks of 2016
75,0.611,0.7,9,-5.331,1,0.0436,0.0199,0.0,0.0549,0.213,104.981,audio_features,4OZEu0Vwq0RB2LAq14v99n,spotify:track:4OZEu0Vwq0RB2LAq14v99n,https://api.spotify.com/v1/tracks/4OZEu0Vwq0RB2LAq14v99n,https://api.spotify.com/v1/audio-analysis/4OZEu0Vwq0RB2LAq14v99n,220573,4,Middle,Encore,"DJ Snake , Bipolar Sunshine",8,2016-08-05,Top Tracks of 2016
76,0.683,0.797,10,-4.085,0,0.246,0.107,0.0,0.114,0.758,82.916,audio_features,76t5B0ttSAje5KHmQbv88t,spotify:track:76t5B0ttSAje5KHmQbv88t,https://api.spotify.com/v1/tracks/76t5B0ttSAje5KHmQbv88t,https://api.spotify.com/v1/audio-analysis/76t5B0ttSAje5KHmQbv88t,187973,4,Treat You Better,Illuminate (Deluxe),Shawn Mendes,14,2016-09-23,Top Tracks of 2016
77,0.476,0.718,8,-5.309,1,0.0576,0.0784,1.02e-05,0.122,0.142,199.864,audio_features,4pdPtRcBmOSQDlJ3Fk945m,spotify:track:4pdPtRcBmOSQDlJ3Fk945m,https://api.spotify.com/v1/tracks/4pdPtRcBmOSQDlJ3Fk945m,https://api.spotify.com/v1/audio-analysis/4pdPtRcBmOSQDlJ3Fk945m,205946,4,Let Me Love You,Encore,"DJ Snake , Justin Bieber",19,2016-08-05,Top Tracks of 2016
78,0.588,0.702,11,-4.271,1,0.0496,0.104,0.0,0.089,0.429,124.909,audio_features,0IKK48xF4eEdfofyaeKWWO,spotify:track:0IKK48xF4eEdfofyaeKWWO,https://api.spotify.com/v1/tracks/0IKK48xF4eEdfofyaeKWWO,https://api.spotify.com/v1/audio-analysis/0IKK48xF4eEdfofyaeKWWO,203686,4,PILLOWTALK,PILLOWTALK,ZAYN,63,2016-08-22,Top Tracks of 2016
79,0.689,0.521,0,-5.845,1,0.132,0.119,8.41e-05,0.108,0.178,95.055,audio_features,6TaqooOXAEcijL6G1AWS2K,spotify:track:6TaqooOXAEcijL6G1AWS2K,https://api.spotify.com/v1/tracks/6TaqooOXAEcijL6G1AWS2K,https://api.spotify.com/v1/audio-analysis/6TaqooOXAEcijL6G1AWS2K,229746,4,All My Friends (feat. Tinashe & Chance the Rapper),All My Friends (feat. Tinashe & Chance the Rapper),"Snakehips , Tinashe , Chance the Rapper",73,2015-10-21,Top Tracks of 2016
80,0.51,0.692,0,-5.825,1,0.171,0.00451,0.0,0.138,0.209,102.42,audio_features,5wLsOFWBXXyoAgX7qQ6wbo,spotify:track:5wLsOFWBXXyoAgX7qQ6wbo,https://api.spotify.com/v1/tracks/5wLsOFWBXXyoAgX7qQ6wbo,https://api.spotify.com/v1/audio-analysis/5wLsOFWBXXyoAgX7qQ6wbo,228361,4,Sex (Cheat Codes X Kris Kross Amsterdam),Sex (Cheat Codes X Kris Kross Amsterdam),"Cheat Codes , Kris Kross Amsterdam",1,2016-02-19,Top Tracks of 2016
81,0.728,0.563,1,-8.053,0,0.134,0.621,0.0,0.179,0.352,100.017,audio_features,06KyNuuMOX1ROXRhj787tj,spotify:track:06KyNuuMOX1ROXRhj787tj,https://api.spotify.com/v1/tracks/06KyNuuMOX1ROXRhj787tj,https://api.spotify.com/v1/audio-analysis/06KyNuuMOX1ROXRhj787tj,217706,4,We Don't Talk Anymore,Nine Track Mind,"Charlie Puth , Selena Gomez",78,2016-01-29,Top Tracks of 2016
82,0.688,0.702,7,-4.792,0,0.0499,0.0215,0.0,0.128,0.74,94.006,audio_features,6Knv6wdA0luoMUuuoYi2i1,spotify:track:6Knv6wdA0luoMUuuoYi2i1,https://api.spotify.com/v1/tracks/6Knv6wdA0luoMUuuoYi2i1,https://api.spotify.com/v1/audio-analysis/6Knv6wdA0luoMUuuoYi2i1,192190,4,My House,My House,Flo Rida,75,2015-04-07,Top Tracks of 2016
83,0.732,0.396,4,-9.348,0,0.0286,0.0841,3.58e-05,0.105,0.548,90.024,audio_features,6i0V12jOa3mr6uu4WYhUBr,spotify:track:6i0V12jOa3mr6uu4WYhUBr,https://api.spotify.com/v1/tracks/6i0V12jOa3mr6uu4WYhUBr,https://api.spotify.com/v1/audio-analysis/6i0V12jOa3mr6uu4WYhUBr,195920,4,Heathens,Heathens,Twenty One Pilots,80,2016-06-16,Top Tracks of 2016
84,0.774,0.748,4,-5.478,0,0.0509,0.163,0.0,0.0516,0.914,119.009,audio_features,7L5jgZtAyfiU7elB8DIqCx,spotify:track:7L5jgZtAyfiU7elB8DIqCx,https://api.spotify.com/v1/tracks/7L5jgZtAyfiU7elB8DIqCx,https://api.spotify.com/v1/audio-analysis/7L5jgZtAyfiU7elB8DIqCx,218440,4,Cake By The Ocean,Cake By The Ocean,DNCE,14,2015-09-18,Top Tracks of 2016
85,0.671,0.916,6,-4.014,0,0.0397,0.0282,0.00762,0.24,0.803,126.01,audio_features,0gb1J5UrTpzaU1s3nupgCd,spotify:track:0gb1J5UrTpzaU1s3nupgCd,https://api.spotify.com/v1/tracks/0gb1J5UrTpzaU1s3nupgCd,https://api.spotify.com/v1/audio-analysis/0gb1J5UrTpzaU1s3nupgCd,189126,4,No Money,No Money,Galantis,70,2016-04-01,Top Tracks of 2016
86,0.671,0.314,5,-8.091,0,0.244,0.11,0.0,0.0825,0.296,110.898,audio_features,3kfxarilcBr81mb2hmZLeh,spotify:track:3kfxarilcBr81mb2hmZLeh,https://api.spotify.com/v1/tracks/3kfxarilcBr81mb2hmZLeh,https://api.spotify.com/v1/audio-analysis/3kfxarilcBr81mb2hmZLeh,191600,4,Needed Me,ANTI,Rihanna,12,2016-01-28,Top Tracks of 2016
87,0.757,0.672,0,-6.524,0,0.0955,0.0186,0.0,0.158,0.382,111.996,audio_features,40YcuQysJ0KlGQTeGUosTC,spotify:track:40YcuQysJ0KlGQTeGUosTC,https://api.spotify.com/v1/tracks/40YcuQysJ0KlGQTeGUosTC,https://api.spotify.com/v1/audio-analysis/40YcuQysJ0KlGQTeGUosTC,251466,4,"Me, Myself & I",When It's Dark Out,"G-Eazy , Bebe Rexha",76,2015-12-04,Top Tracks of 2016
88,0.636,0.727,9,-5.852,1,0.106,0.0161,1.12e-06,0.151,0.358,107.988,audio_features,7yHEDfrJNd0zWOfXwydNH0,spotify:track:7yHEDfrJNd0zWOfXwydNH0,https://api.spotify.com/v1/tracks/7yHEDfrJNd0zWOfXwydNH0,https://api.spotify.com/v1/audio-analysis/7yHEDfrJNd0zWOfXwydNH0,244453,4,Into You,Dangerous Woman,Ariana Grande,16,2016-05-20,Top Tracks of 2016
89,0.746,0.877,9,-3.782,0,0.0666,0.0375,0.000833,0.233,0.751,107.985,audio_features,7lF2jb4fv5KL4ODcqU3gwc,spotify:track:7lF2jb4fv5KL4ODcqU3gwc,https://api.spotify.com/v1/tracks/7lF2jb4fv5KL4ODcqU3gwc,https://api.spotify.com/v1/audio-analysis/7lF2jb4fv5KL4ODcqU3gwc,166138,4,Light It Up (feat. Nyla & Fuse ODG) - Remix,Peace is the Mission: Extended,"Major Lazer , Nyla , Fuse ODG",54,2015-11-27,Top Tracks of 2016
90,0.369,0.618,6,-6.304,0,0.249,0.161,0.0,0.257,0.467,191.863,audio_features,1I95liM3akfvKNP8TWnzP2,spotify:track:1I95liM3akfvKNP8TWnzP2,https://api.spotify.com/v1/tracks/1I95liM3akfvKNP8TWnzP2,https://api.spotify.com/v1/audio-analysis/1I95liM3akfvKNP8TWnzP2,255889,4,Papercuts (feat. Vera Blue),Papercuts (feat. Vera Blue),"Illy , Vera Blue",54,2016-07-08,Top Tracks of 2016
91,0.845,0.567,5,-8.118,0,0.0956,0.59,0.00142,0.0811,0.793,125.02,audio_features,3pzjHKrQSvXGHQ98dx18HI,spotify:track:3pzjHKrQSvXGHQ98dx18HI,https://api.spotify.com/v1/tracks/3pzjHKrQSvXGHQ98dx18HI,https://api.spotify.com/v1/audio-analysis/3pzjHKrQSvXGHQ98dx18HI,205680,4,What Do You Mean?,Purpose (Deluxe),Justin Bieber,13,2015-11-13,Top Tracks of 2016
92,0.723,0.809,7,-3.081,0,0.0625,0.00346,0.00123,0.565,0.274,98.007,audio_features,33YmfTNoLnbkRnOjf7YIVm,spotify:track:33YmfTNoLnbkRnOjf7YIVm,https://api.spotify.com/v1/tracks/33YmfTNoLnbkRnOjf7YIVm,https://api.spotify.com/v1/audio-analysis/33YmfTNoLnbkRnOjf7YIVm,176561,4,Lean On (feat. MØ & DJ Snake),Peace Is The Mission,"Major Lazer , MØ , DJ Snake",59,2015-06-01,Top Tracks of 2016
93,0.746,0.754,1,-6.681,1,0.067,0.0152,0.0,0.0486,0.764,149.882,audio_features,1WP1r7fuvRqZRnUaTi2I1Q,spotify:track:1WP1r7fuvRqZRnUaTi2I1Q,https://api.spotify.com/v1/tracks/1WP1r7fuvRqZRnUaTi2I1Q,https://api.spotify.com/v1/audio-analysis/1WP1r7fuvRqZRnUaTi2I1Q,206880,4,Stitches,Handwritten (Deluxe),Shawn Mendes,19,2015-04-13,Top Tracks of 2016
94,0.645,0.713,6,-5.355,1,0.0393,0.00835,0.0,0.113,0.566,74.989,audio_features,0mkwblABUOYgrnYr4wNwFs,spotify:track:0mkwblABUOYgrnYr4wNwFs,https://api.spotify.com/v1/tracks/0mkwblABUOYgrnYr4wNwFs,https://api.spotify.com/v1/audio-analysis/0mkwblABUOYgrnYr4wNwFs,214506,4,Ride,Ride,Twenty One Pilots,46,2015-05-12,Top Tracks of 2016
95,0.632,0.575,5,-6.478,1,0.029,0.0225,1.81e-06,0.104,0.188,90.037,audio_features,2CPqh63wRVscbceKcPxwvv,spotify:track:2CPqh63wRVscbceKcPxwvv,https://api.spotify.com/v1/tracks/2CPqh63wRVscbceKcPxwvv,https://api.spotify.com/v1/audio-analysis/2CPqh63wRVscbceKcPxwvv,183414,4,The Ocean (feat. Shy Martin),The Ocean (feat. Shy Martin),"Mike Perry , SHY Martin",74,2016-04-15,Top Tracks of 2016
96,0.688,0.532,6,-8.361,0,0.0875,0.0356,3.08e-06,0.172,0.565,164.068,audio_features,4JHIOQE4nAtUSfGuzDLjYa,spotify:track:4JHIOQE4nAtUSfGuzDLjYa,https://api.spotify.com/v1/tracks/4JHIOQE4nAtUSfGuzDLjYa,https://api.spotify.com/v1/audio-analysis/4JHIOQE4nAtUSfGuzDLjYa,223078,4,Send My Love (To Your New Lover),Send My Love (To Your New Lover),Adele,51,2016-05-16,Top Tracks of 2016
97,0.742,0.819,1,-5.307,1,0.0487,0.372,0.0,0.277,0.709,117.986,audio_features,1CUVN2kn7mW5FjkqXTR2W1,spotify:track:1CUVN2kn7mW5FjkqXTR2W1,https://api.spotify.com/v1/tracks/1CUVN2kn7mW5FjkqXTR2W1,https://api.spotify.com/v1/audio-analysis/1CUVN2kn7mW5FjkqXTR2W1,196613,4,Perfect Strangers,Perfect Strangers,"Jonas Blue , JP Cooper",20,2016-06-03,Top Tracks of 2016
98,0.513,0.768,4,-4.868,0,0.0587,0.0118,1.94e-05,0.294,0.235,84.264,audio_features,3cNjgVBKTJ1SvKhunrCdVy,spotify:track:3cNjgVBKTJ1SvKhunrCdVy,https://api.spotify.com/v1/tracks/3cNjgVBKTJ1SvKhunrCdVy,https://api.spotify.com/v1/audio-analysis/3cNjgVBKTJ1SvKhunrCdVy,210580,4,Please Don't Go,Please Don't Go,Joel Adams,75,2015-11-06,Top Tracks of 2016
99,0.79,0.705,0,-4.684,0,0.0383,0.0807,4.81e-05,0.251,0.501,121.969,audio_features,4AOpEhqA7zHxQjkHmRrAp7,spotify:track:4AOpEhqA7zHxQjkHmRrAp7,https://api.spotify.com/v1/tracks/4AOpEhqA7zHxQjkHmRrAp7,https://api.spotify.com/v1/audio-analysis/4AOpEhqA7zHxQjkHmRrAp7,195561,4,This Girl - Kungs Vs. Cookin' On 3 Burners,This Girl (Kungs Vs. Cookin' On 3 Burners),"Kungs , Cookin' On 3 Burners",18,2016-02-19,Top Tracks of 2016
100,0.807,0.716,10,-5.27,1,0.154,0.184,0.0,0.097,0.667,99.939,audio_features,1lahfyqBPVvBIxf3XgmQmZ,spotify:track:1lahfyqBPVvBIxf3XgmQmZ,https://api.spotify.com/v1/tracks/1lahfyqBPVvBIxf3XgmQmZ,https://api.spotify.com/v1/audio-analysis/1lahfyqBPVvBIxf3XgmQmZ,186627,4,Sydpå,Sydpå,Bro,52,2018-02-02,Top Tracks of 2018
101,0.6,0.658,8,-7.474,0,0.0921,0.0915,0.0,0.156,0.518,195.67,audio_features,5fQiM6oa6M00dBNNcS6pSc,spotify:track:5fQiM6oa6M00dBNNcS6pSc,https://api.spotify.com/v1/tracks/5fQiM6oa6M00dBNNcS6pSc,https://api.spotify.com/v1/audio-analysis/5fQiM6oa6M00dBNNcS6pSc,209010,4,Langsom,Langsom,Gilli,49,2017-12-31,Top Tracks of 2018
102,0.489,0.69,8,-5.352,1,0.0856,0.0859,0.0,0.288,0.651,98.0,audio_features,6Lu7LCf7t7V6X7i4NQywcT,spotify:track:6Lu7LCf7t7V6X7i4NQywcT,https://api.spotify.com/v1/tracks/6Lu7LCf7t7V6X7i4NQywcT,https://api.spotify.com/v1/audio-analysis/6Lu7LCf7t7V6X7i4NQywcT,196165,4,Kom Over,Kom Over,KESI,52,2018-05-04,Top Tracks of 2018
103,0.754,0.449,7,-9.211,1,0.109,0.0332,8.29e-05,0.552,0.357,77.169,audio_features,6DCZcSspjsKoFjzjrWoCdn,spotify:track:6DCZcSspjsKoFjzjrWoCdn,https://api.spotify.com/v1/tracks/6DCZcSspjsKoFjzjrWoCdn,https://api.spotify.com/v1/audio-analysis/6DCZcSspjsKoFjzjrWoCdn,198973,4,God's Plan,Scorpion,Drake,84,2018-06-29,Top Tracks of 2018
104,0.734,0.677,9,-5.879,0,0.04,0.0445,0.0,0.398,0.592,140.072,audio_features,3o6VhtL6rH2rBzsN8XvfWg,spotify:track:3o6VhtL6rH2rBzsN8XvfWg,https://api.spotify.com/v1/tracks/3o6VhtL6rH2rBzsN8XvfWg,https://api.spotify.com/v1/audio-analysis/3o6VhtL6rH2rBzsN8XvfWg,184180,4,Strapped,Strapped,FOOL,50,2018-01-12,Top Tracks of 2018
105,0.74,0.613,8,-4.88,1,0.145,0.258,0.00372,0.123,0.473,75.023,audio_features,3ee8Jmje8o58CHK66QrVC2,spotify:track:3ee8Jmje8o58CHK66QrVC2,https://api.spotify.com/v1/tracks/3ee8Jmje8o58CHK66QrVC2,https://api.spotify.com/v1/audio-analysis/3ee8Jmje8o58CHK66QrVC2,166605,4,SAD!,?,XXXTENTACION,85,2018-03-16,Top Tracks of 2018
106,0.68,0.578,10,-5.804,1,0.04,0.331,0.0,0.135,0.341,145.038,audio_features,7dt6x5M1jzdTEt8oCbisTK,spotify:track:7dt6x5M1jzdTEt8oCbisTK,https://api.spotify.com/v1/tracks/7dt6x5M1jzdTEt8oCbisTK,https://api.spotify.com/v1/audio-analysis/7dt6x5M1jzdTEt8oCbisTK,231266,4,Better Now,beerbongs & bentleys,Post Malone,85,2018-04-27,Top Tracks of 2018
107,0.837,0.802,4,-6.507,0,0.188,0.0244,0.00874,0.307,0.453,127.008,audio_features,7j8K8PE1tO2TvhY15E8ZcD,spotify:track:7j8K8PE1tO2TvhY15E8ZcD,https://api.spotify.com/v1/tracks/7j8K8PE1tO2TvhY15E8ZcD,https://api.spotify.com/v1/audio-analysis/7j8K8PE1tO2TvhY15E8ZcD,188272,4,Oui,Oui,"Sivas , NODE , Gilli",55,2018-05-30,Top Tracks of 2018
108,0.791,0.862,9,-3.24,0,0.11,0.037,2.19e-05,0.0814,0.592,123.994,audio_features,7ef4DlsgrMEH11cDZd32M6,spotify:track:7ef4DlsgrMEH11cDZd32M6,https://api.spotify.com/v1/tracks/7ef4DlsgrMEH11cDZd32M6,https://api.spotify.com/v1/audio-analysis/7ef4DlsgrMEH11cDZd32M6,214846,4,One Kiss (with Dua Lipa),One Kiss (with Dua Lipa),"Calvin Harris , Dua Lipa",83,2018-04-06,Top Tracks of 2018
109,0.596,0.854,7,-5.114,0,0.463,0.0169,0.0,0.124,0.152,120.274,audio_features,2iUXsYOEPhVqEBwsqP70rE,spotify:track:2iUXsYOEPhVqEBwsqP70rE,https://api.spotify.com/v1/tracks/2iUXsYOEPhVqEBwsqP70rE,https://api.spotify.com/v1/audio-analysis/2iUXsYOEPhVqEBwsqP70rE,203417,4,Youngblood,Youngblood (Deluxe),5 Seconds of Summer,82,2018-06-15,Top Tracks of 2018
110,0.75,0.56,8,-8.094,1,0.105,0.546,0.0,0.111,0.459,140.06,audio_features,3swc6WTsr7rl9DqQKQA55C,spotify:track:3swc6WTsr7rl9DqQKQA55C,https://api.spotify.com/v1/tracks/3swc6WTsr7rl9DqQKQA55C,https://api.spotify.com/v1/audio-analysis/3swc6WTsr7rl9DqQKQA55C,221440,4,Psycho (feat. Ty Dolla $ign),beerbongs & bentleys,"Post Malone , Ty Dolla $ign",81,2018-04-27,Top Tracks of 2018
111,0.653,0.809,0,-4.057,1,0.0474,0.194,0.0,0.165,0.55,92.213,audio_features,5CLGzJsGqhCEECcpnFQA8x,spotify:track:5CLGzJsGqhCEECcpnFQA8x,https://api.spotify.com/v1/tracks/5CLGzJsGqhCEECcpnFQA8x,https://api.spotify.com/v1/audio-analysis/5CLGzJsGqhCEECcpnFQA8x,210772,4,These Days,These Days,"Rudimental , Jess Glynne , Macklemore , Dan Caplen",77,2018-01-19,Top Tracks of 2018
112,0.665,0.731,9,-4.007,0,0.0636,0.216,0.0,0.0813,0.512,101.961,audio_features,0yJshzyh9qjjtiyLBbPglQ,spotify:track:0yJshzyh9qjjtiyLBbPglQ,https://api.spotify.com/v1/tracks/0yJshzyh9qjjtiyLBbPglQ,https://api.spotify.com/v1/audio-analysis/0yJshzyh9qjjtiyLBbPglQ,192969,4,Holder Fast,Holder Fast,"Hennedub , Gilli , Lukas Graham",46,2018-04-27,Top Tracks of 2018
113,0.708,0.648,6,-5.626,1,0.0449,0.0956,0.0,0.134,0.338,143.955,audio_features,45Egmo7icyopuzJN0oMEdk,spotify:track:45Egmo7icyopuzJN0oMEdk,https://api.spotify.com/v1/tracks/45Egmo7icyopuzJN0oMEdk,https://api.spotify.com/v1/audio-analysis/45Egmo7icyopuzJN0oMEdk,201707,4,Love Lies (with Normani),Love Lies (with Normani),"Khalid , Normani",77,2018-02-14,Top Tracks of 2018
114,0.752,0.764,1,-4.399,1,0.038,0.0476,9.44e-05,0.0543,0.582,121.958,audio_features,7K7MUBCnzgBAvMVW2RTWNs,spotify:track:7K7MUBCnzgBAvMVW2RTWNs,https://api.spotify.com/v1/tracks/7K7MUBCnzgBAvMVW2RTWNs,https://api.spotify.com/v1/audio-analysis/7K7MUBCnzgBAvMVW2RTWNs,163216,4,Body (feat. brando),Body (feat. brando),"Loud Luxury , Brando",60,2017-10-27,Top Tracks of 2018
115,0.795,0.67,6,-7.194,0,0.0441,0.337,0.000187,0.116,0.782,104.889,audio_features,0gOloXVox0hwdtty5VsCfS,spotify:track:0gOloXVox0hwdtty5VsCfS,https://api.spotify.com/v1/tracks/0gOloXVox0hwdtty5VsCfS,https://api.spotify.com/v1/audio-analysis/0gOloXVox0hwdtty5VsCfS,176628,4,Sidste Timer,Sidste Timer,Sivas,41,2018-01-12,Top Tracks of 2018
116,0.626,0.88,9,-2.384,0,0.0504,0.205,0.0,0.128,0.534,95.079,audio_features,08bNPGLD8AhKpnnERrAc6G,spotify:track:08bNPGLD8AhKpnnERrAc6G,https://api.spotify.com/v1/tracks/08bNPGLD8AhKpnnERrAc6G,https://api.spotify.com/v1/audio-analysis/08bNPGLD8AhKpnnERrAc6G,202620,4,FRIENDS,FRIENDS,"Marshmello , Anne-Marie",81,2018-02-09,Top Tracks of 2018
117,0.585,0.52,5,-6.136,0,0.0712,0.124,7.01e-05,0.131,0.129,159.801,audio_features,0e7ipj03S05BNilyu5bRzt,spotify:track:0e7ipj03S05BNilyu5bRzt,https://api.spotify.com/v1/tracks/0e7ipj03S05BNilyu5bRzt,https://api.spotify.com/v1/audio-analysis/0e7ipj03S05BNilyu5bRzt,218146,4,rockstar (feat. 21 Savage),beerbongs & bentleys,"Post Malone , 21 Savage",86,2018-04-27,Top Tracks of 2018
118,0.511,0.566,6,-7.23,0,0.2,0.349,0.0,0.34,0.218,83.903,audio_features,0s3nnoMeVWz3989MkNQiRf,spotify:track:0s3nnoMeVWz3989MkNQiRf,https://api.spotify.com/v1/tracks/0s3nnoMeVWz3989MkNQiRf,https://api.spotify.com/v1/audio-analysis/0s3nnoMeVWz3989MkNQiRf,239835,4,Lucid Dreams,Goodbye & Good Riddance,Juice WRLD,15,2018-05-23,Top Tracks of 2018
119,0.538,0.409,9,-6.581,0,0.0505,0.172,0.0,0.11,0.265,171.838,audio_features,3id2EVGKc3eFAMn9nFnB0r,spotify:track:3id2EVGKc3eFAMn9nFnB0r,https://api.spotify.com/v1/tracks/3id2EVGKc3eFAMn9nFnB0r,https://api.spotify.com/v1/audio-analysis/3id2EVGKc3eFAMn9nFnB0r,205440,4,Love Someone,3 (The Purple Album),Lukas Graham,67,2018-10-26,Top Tracks of 2018
120,0.748,0.749,8,-5.916,0,0.516,0.142,0.0,0.0713,0.659,90.09,audio_features,1cS0TgbR263ey9jn0MwD2s,spotify:track:1cS0TgbR263ey9jn0MwD2s,https://api.spotify.com/v1/tracks/1cS0TgbR263ey9jn0MwD2s,https://api.spotify.com/v1/audio-analysis/1cS0TgbR263ey9jn0MwD2s,221013,4,River (feat. Ed Sheeran),Revival,"Eminem , Ed Sheeran",76,2017-12-15,Top Tracks of 2018
121,0.694,0.77,6,-5.335,1,0.149,0.176,1.1e-05,0.118,0.163,125.905,audio_features,0E9ZjEAyAwOXZ7wJC0PD33,spotify:track:0E9ZjEAyAwOXZ7wJC0PD33,https://api.spotify.com/v1/tracks/0E9ZjEAyAwOXZ7wJC0PD33,https://api.spotify.com/v1/audio-analysis/0E9ZjEAyAwOXZ7wJC0PD33,184560,4,In My Mind,In My Mind,"Dynoro , Gigi D'Agostino",82,2018-06-08,Top Tracks of 2018
122,0.586,0.909,8,-6.474,1,0.0705,0.0891,0.000109,0.119,0.757,93.394,audio_features,3CA9pLiwRIGtUBiMjbZmRw,spotify:track:3CA9pLiwRIGtUBiMjbZmRw,https://api.spotify.com/v1/tracks/3CA9pLiwRIGtUBiMjbZmRw,https://api.spotify.com/v1/audio-analysis/3CA9pLiwRIGtUBiMjbZmRw,210746,4,Nice For What,Scorpion,Drake,79,2018-06-29,Top Tracks of 2018
123,0.56,0.68,6,-7.648,0,0.321,0.555,0.0,0.116,0.319,89.391,audio_features,0d2iYfpKoM0QCKvcLCkBao,spotify:track:0d2iYfpKoM0QCKvcLCkBao,https://api.spotify.com/v1/tracks/0d2iYfpKoM0QCKvcLCkBao,https://api.spotify.com/v1/audio-analysis/0d2iYfpKoM0QCKvcLCkBao,173799,4,Eastside (with Halsey & Khalid),Eastside (with Halsey & Khalid),"benny blanco , Halsey , Khalid",82,2018-07-12,Top Tracks of 2018
124,0.74,0.622,11,-4.608,0,0.0446,0.0357,4.85e-05,0.356,0.556,104.966,audio_features,3NuK5xMlSlB6K2Qp16zf3h,spotify:track:3NuK5xMlSlB6K2Qp16zf3h,https://api.spotify.com/v1/tracks/3NuK5xMlSlB6K2Qp16zf3h,https://api.spotify.com/v1/audio-analysis/3NuK5xMlSlB6K2Qp16zf3h,222706,4,Solo (feat. Demi Lovato),What Is Love? (Deluxe Edition),"Clean Bandit , Demi Lovato",71,2018-11-30,Top Tracks of 2018
125,0.884,0.559,0,-7.442,1,0.12,0.0236,0.0,0.101,0.342,97.994,audio_features,5IaHrVsrferBYDm0bDyABy,spotify:track:5IaHrVsrferBYDm0bDyABy,https://api.spotify.com/v1/tracks/5IaHrVsrferBYDm0bDyABy,https://api.spotify.com/v1/audio-analysis/5IaHrVsrferBYDm0bDyABy,232959,4,Taste (feat. Offset),Taste (feat. Offset),"Tyga , Offset",80,2018-05-16,Top Tracks of 2018
126,0.747,0.834,3,-2.867,0,0.045,0.374,0.0,0.0586,0.687,128.005,audio_features,4kWO6O1BUXcZmaxitpVUwp,spotify:track:4kWO6O1BUXcZmaxitpVUwp,https://api.spotify.com/v1/tracks/4kWO6O1BUXcZmaxitpVUwp,https://api.spotify.com/v1/audio-analysis/4kWO6O1BUXcZmaxitpVUwp,215759,4,Jackie Chan,Jackie Chan,"Tiësto , Dzeko , Preme , Post Malone",77,2018-05-18,Top Tracks of 2018
127,0.826,0.51,1,-8.626,0,0.0813,0.5,0.000531,0.138,0.62,115.084,audio_features,2lZEnKxY1v6wgR8ipQMwEI,spotify:track:2lZEnKxY1v6wgR8ipQMwEI,https://api.spotify.com/v1/tracks/2lZEnKxY1v6wgR8ipQMwEI,https://api.spotify.com/v1/audio-analysis/2lZEnKxY1v6wgR8ipQMwEI,179045,4,Zum Zum,Zum Zum,ZK,50,2018-02-02,Top Tracks of 2018
128,0.835,0.626,1,-5.833,1,0.125,0.0589,6e-05,0.396,0.35,91.03,audio_features,2G7V7zsVDxg1yRsu7Ew9RJ,spotify:track:2G7V7zsVDxg1yRsu7Ew9RJ,https://api.spotify.com/v1/tracks/2G7V7zsVDxg1yRsu7Ew9RJ,https://api.spotify.com/v1/audio-analysis/2G7V7zsVDxg1yRsu7Ew9RJ,217925,4,In My Feelings,Scorpion,Drake,81,2018-06-29,Top Tracks of 2018
129,0.689,0.581,0,-5.955,1,0.0789,0.0675,0.0,0.388,0.539,102.748,audio_features,0EmFeENh4mqxH9Lhro2Oib,spotify:track:0EmFeENh4mqxH9Lhro2Oib,https://api.spotify.com/v1/tracks/0EmFeENh4mqxH9Lhro2Oib,https://api.spotify.com/v1/audio-analysis/0EmFeENh4mqxH9Lhro2Oib,191144,4,Malibu,Ingen Drama,Skinz,45,2018-06-01,Top Tracks of 2018
130,0.82,0.739,7,-4.871,0,0.0424,0.0638,0.0,0.249,0.682,97.964,audio_features,14VTLEOzviOKVGAkA9uT2g,spotify:track:14VTLEOzviOKVGAkA9uT2g,https://api.spotify.com/v1/tracks/14VTLEOzviOKVGAkA9uT2g,https://api.spotify.com/v1/audio-analysis/14VTLEOzviOKVGAkA9uT2g,180816,4,Ligesom Mig,Ligesom Mig,KESI,43,2018-01-05,Top Tracks of 2018
131,0.753,0.657,7,-3.061,1,0.0449,0.171,0.0,0.112,0.437,107.01,audio_features,09IStsImFySgyp0pIQdqAc,spotify:track:09IStsImFySgyp0pIQdqAc,https://api.spotify.com/v1/tracks/09IStsImFySgyp0pIQdqAc,https://api.spotify.com/v1/audio-analysis/09IStsImFySgyp0pIQdqAc,184732,4,The Middle,The Middle,"Zedd , Maren Morris , Grey",82,2018-01-23,Top Tracks of 2018
132,0.71,0.789,4,-3.874,1,0.0722,0.0161,2.77e-06,0.451,0.717,142.929,audio_features,7uzmGiiJyRfuViKKK3lVmR,spotify:track:7uzmGiiJyRfuViKKK3lVmR,https://api.spotify.com/v1/tracks/7uzmGiiJyRfuViKKK3lVmR,https://api.spotify.com/v1/audio-analysis/7uzmGiiJyRfuViKKK3lVmR,131064,4,Mine,COSMIC,Bazzi,79,2018-04-12,Top Tracks of 2018
133,0.755,0.599,8,-5.042,1,0.224,0.147,0.0,0.109,0.755,133.123,audio_features,10Igtw8bSDyyFs7KIsKngZ,spotify:track:10Igtw8bSDyyFs7KIsKngZ,https://api.spotify.com/v1/tracks/10Igtw8bSDyyFs7KIsKngZ,https://api.spotify.com/v1/audio-analysis/10Igtw8bSDyyFs7KIsKngZ,216631,4,Freaky Friday (feat. Chris Brown),Freaky Friday (feat. Chris Brown),"Lil Dicky , Chris Brown",75,2018-03-15,Top Tracks of 2018
134,0.724,0.751,8,-4.144,0,0.0703,0.284,1.03e-06,0.0964,0.916,170.004,audio_features,4yF9erb9bMUIRXr6QdPgP4,spotify:track:4yF9erb9bMUIRXr6QdPgP4,https://api.spotify.com/v1/tracks/4yF9erb9bMUIRXr6QdPgP4,https://api.spotify.com/v1/audio-analysis/4yF9erb9bMUIRXr6QdPgP4,197176,4,Su Casa,Su Casa,"KESI , Gilli",53,2018-08-10,Top Tracks of 2018
135,0.587,0.299,8,-7.365,1,0.0263,0.779,0.0,0.123,0.356,94.992,audio_features,1bhUWB0zJMIKr9yVPrkEuI,spotify:track:1bhUWB0zJMIKr9yVPrkEuI,https://api.spotify.com/v1/tracks/1bhUWB0zJMIKr9yVPrkEuI,https://api.spotify.com/v1/audio-analysis/1bhUWB0zJMIKr9yVPrkEuI,259550,3,Perfect Duet (Ed Sheeran & Beyoncé),Perfect Duet (Ed Sheeran & Beyoncé),"Ed Sheeran , Beyoncé",75,2017-11-30,Top Tracks of 2018
136,0.583,0.624,2,-5.478,0,0.0482,0.309,0.000335,0.0569,0.784,95.38,audio_features,0QzldbZnd9gLpor4S2EzJc,spotify:track:0QzldbZnd9gLpor4S2EzJc,https://api.spotify.com/v1/tracks/0QzldbZnd9gLpor4S2EzJc,https://api.spotify.com/v1/audio-analysis/0QzldbZnd9gLpor4S2EzJc,158595,3,Rum Bum Bum,Rum Bum Bum,NAVID,52,2018-06-15,Top Tracks of 2018
137,0.836,0.544,7,-5.975,1,0.0943,0.0403,0.0,0.0824,0.51,97.028,audio_features,5BG3hnp2SmFmoBIs3YTqsm,spotify:track:5BG3hnp2SmFmoBIs3YTqsm,https://api.spotify.com/v1/tracks/5BG3hnp2SmFmoBIs3YTqsm,https://api.spotify.com/v1/audio-analysis/5BG3hnp2SmFmoBIs3YTqsm,217946,4,IDGAF,IDGAF,Dua Lipa,56,2018-01-12,Top Tracks of 2018
138,0.765,0.523,2,-4.333,1,0.03,0.184,3.56e-05,0.132,0.394,104.988,audio_features,1rfofaqEpACxVEHIZBJe6W,spotify:track:1rfofaqEpACxVEHIZBJe6W,https://api.spotify.com/v1/tracks/1rfofaqEpACxVEHIZBJe6W,https://api.spotify.com/v1/audio-analysis/1rfofaqEpACxVEHIZBJe6W,217306,4,Havana (feat. Young Thug),Camila,"Camila Cabello , Young Thug",82,2018-01-12,Top Tracks of 2018
139,0.669,0.308,11,-10.068,1,0.029,0.883,0.0,0.0984,0.52,64.934,audio_features,7AFASza1mXqntmGtbxXprO,spotify:track:7AFASza1mXqntmGtbxXprO,https://api.spotify.com/v1/tracks/7AFASza1mXqntmGtbxXprO,https://api.spotify.com/v1/audio-analysis/7AFASza1mXqntmGtbxXprO,121886,4,changes,?,XXXTENTACION,83,2018-03-16,Top Tracks of 2018
140,0.6,0.688,5,-8.339,0,0.201,0.159,1.29e-05,0.409,0.0793,99.977,audio_features,63SevszngYpZOwf63o61K4,spotify:track:63SevszngYpZOwf63o61K4,https://api.spotify.com/v1/tracks/63SevszngYpZOwf63o61K4,https://api.spotify.com/v1/audio-analysis/63SevszngYpZOwf63o61K4,156600,4,Nevermind,Nevermind,Dennis Lloyd,78,2017-06-30,Top Tracks of 2018
141,0.698,0.633,8,-4.946,1,0.0597,0.0605,0.000194,0.0926,0.552,96.924,audio_features,3GCdLUSnKSMJhs4Tj6CV3s,spotify:track:3GCdLUSnKSMJhs4Tj6CV3s,https://api.spotify.com/v1/tracks/3GCdLUSnKSMJhs4Tj6CV3s,https://api.spotify.com/v1/audio-analysis/3GCdLUSnKSMJhs4Tj6CV3s,232186,4,All The Stars (with SZA),Black Panther The Album Music From And Inspired By,"Kendrick Lamar , SZA",78,2018-02-09,Top Tracks of 2018
142,0.553,0.586,11,-6.319,1,0.0362,0.697,0.0,0.0813,0.443,126.684,audio_features,3EPXxR3ImUwfayaurPi3cm,spotify:track:3EPXxR3ImUwfayaurPi3cm,https://api.spotify.com/v1/tracks/3EPXxR3ImUwfayaurPi3cm,https://api.spotify.com/v1/audio-analysis/3EPXxR3ImUwfayaurPi3cm,196373,4,Be Alright,Be Alright,Dean Lewis,82,2018-06-29,Top Tracks of 2018
143,0.872,0.391,0,-9.144,0,0.242,0.469,4.13e-06,0.297,0.437,134.021,audio_features,7m9OqQk4RVRkw9JJdeAw96,spotify:track:7m9OqQk4RVRkw9JJdeAw96,https://api.spotify.com/v1/tracks/7m9OqQk4RVRkw9JJdeAw96,https://api.spotify.com/v1/audio-analysis/7m9OqQk4RVRkw9JJdeAw96,119133,4,Jocelyn Flores,17,XXXTENTACION,85,2017-08-25,Top Tracks of 2018
144,0.851,0.541,0,-6.825,1,0.0505,0.568,0.0,0.13,0.448,124.959,audio_features,6FRLCMO5TUHTexlWo8ym1W,spotify:track:6FRLCMO5TUHTexlWo8ym1W,https://api.spotify.com/v1/tracks/6FRLCMO5TUHTexlWo8ym1W,https://api.spotify.com/v1/audio-analysis/6FRLCMO5TUHTexlWo8ym1W,235545,4,Girls Like You (feat. Cardi B),Girls Like You (feat. Cardi B),"Maroon 5 , Cardi B",79,2018-05-30,Top Tracks of 2018
145,0.699,0.713,9,-5.507,0,0.0594,0.04,3.11e-06,0.294,0.354,121.993,audio_features,2qT1uLXPVPzGgFOx4jtEuo,spotify:track:2qT1uLXPVPzGgFOx4jtEuo,https://api.spotify.com/v1/tracks/2qT1uLXPVPzGgFOx4jtEuo,https://api.spotify.com/v1/audio-analysis/2qT1uLXPVPzGgFOx4jtEuo,205920,4,no tears left to cry,Sweetener,Ariana Grande,81,2018-08-17,Top Tracks of 2018
146,0.722,0.628,4,-6.895,0,0.0879,0.0168,0.0,0.136,0.303,103.007,audio_features,69T50mZU6jlxdrrZrrxRNW,spotify:track:69T50mZU6jlxdrrZrrxRNW,https://api.spotify.com/v1/tracks/69T50mZU6jlxdrrZrrxRNW,https://api.spotify.com/v1/audio-analysis/69T50mZU6jlxdrrZrrxRNW,208543,4,Tranquillo (feat. Branco),Tranquillo (feat. Branco),"Gilli , Branco",44,2018-02-16,Top Tracks of 2018
147,0.921,0.537,9,-5.723,0,0.0804,0.556,0.00404,0.102,0.711,128.009,audio_features,0JP9xo3adEtGSdUEISiszL,spotify:track:0JP9xo3adEtGSdUEISiszL,https://api.spotify.com/v1/tracks/0JP9xo3adEtGSdUEISiszL,https://api.spotify.com/v1/audio-analysis/0JP9xo3adEtGSdUEISiszL,135090,4,Moonlight,?,XXXTENTACION,84,2018-03-16,Top Tracks of 2018
148,0.707,0.632,10,-7.031,1,0.0789,0.103,1.09e-05,0.0841,0.372,97.04,audio_features,1LhMopPAallLeaeNutqbgS,spotify:track:1LhMopPAallLeaeNutqbgS,https://api.spotify.com/v1/tracks/1LhMopPAallLeaeNutqbgS,https://api.spotify.com/v1/audio-analysis/1LhMopPAallLeaeNutqbgS,278893,4,Say Something,Man of the Woods,"Justin Timberlake , Chris Stapleton",71,2018-02-02,Top Tracks of 2018
149,0.816,0.726,5,-3.998,0,0.129,0.099,0.0,0.372,0.65,136.048,audio_features,58q2HKrzhC3ozto2nDdN4z,spotify:track:58q2HKrzhC3ozto2nDdN4z,https://api.spotify.com/v1/tracks/58q2HKrzhC3ozto2nDdN4z,https://api.spotify.com/v1/audio-analysis/58q2HKrzhC3ozto2nDdN4z,253390,4,I Like It,Invasion of Privacy,"Cardi B , Bad Bunny , J Balvin",82,2018-04-06,Top Tracks of 2018
150,0.548,0.687,11,-6.371,0,0.15,0.106,0.0,0.131,0.362,180.017,audio_features,22nebdx3j16qQKRrm0mVe7,spotify:track:22nebdx3j16qQKRrm0mVe7,https://api.spotify.com/v1/tracks/22nebdx3j16qQKRrm0mVe7,https://api.spotify.com/v1/audio-analysis/22nebdx3j16qQKRrm0mVe7,193946,4,Sick Boy,Sick Boy...Beach House,The Chainsmokers,0,2018-11-16,Top Tracks of 2018
151,0.672,0.735,5,-4.733,1,0.0457,0.286,0.0,0.242,0.754,115.741,audio_features,4ofwffwvvnbSkrMSCKQDaC,spotify:track:4ofwffwvvnbSkrMSCKQDaC,https://api.spotify.com/v1/tracks/4ofwffwvvnbSkrMSCKQDaC,https://api.spotify.com/v1/audio-analysis/4ofwffwvvnbSkrMSCKQDaC,201287,4,Shotgun,Staying at Tamara's,George Ezra,80,2018-03-23,Top Tracks of 2018
152,0.693,0.624,0,-7.482,0,0.0448,0.299,7.64e-06,0.0955,0.369,105.002,audio_features,0Ult84lvFuqNvbyXwyRQ58,spotify:track:0Ult84lvFuqNvbyXwyRQ58,https://api.spotify.com/v1/tracks/0Ult84lvFuqNvbyXwyRQ58,https://api.spotify.com/v1/audio-analysis/0Ult84lvFuqNvbyXwyRQ58,205986,4,I Miss You (feat. Julia Michaels),What Is Love? (Deluxe Edition),"Clean Bandit , Julia Michaels",74,2018-11-30,Top Tracks of 2018
153,0.719,0.753,5,-3.941,0,0.24,0.126,0.0,0.0768,0.408,109.826,audio_features,1aeQAevfv8kyI3aiPlXjyl,spotify:track:1aeQAevfv8kyI3aiPlXjyl,https://api.spotify.com/v1/tracks/1aeQAevfv8kyI3aiPlXjyl,https://api.spotify.com/v1/audio-analysis/1aeQAevfv8kyI3aiPlXjyl,172673,4,For Mig Selv (feat. Gilli),Cambiarme,"NODE , Gilli",41,2018-03-02,Top Tracks of 2018
154,0.781,0.768,11,-5.991,1,0.0394,0.0119,4.91e-06,0.325,0.486,123.07,audio_features,5N5k9nd479b1xpDZ4usjrg,spotify:track:5N5k9nd479b1xpDZ4usjrg,https://api.spotify.com/v1/tracks/5N5k9nd479b1xpDZ4usjrg,https://api.spotify.com/v1/audio-analysis/5N5k9nd479b1xpDZ4usjrg,213309,4,Promises (with Sam Smith),Promises (with Sam Smith),"Calvin Harris , Sam Smith , Jessie Reyez",82,2018-08-17,Top Tracks of 2018
155,0.643,0.783,10,-6.458,1,0.0856,0.047,0.0,0.083,0.579,154.084,audio_features,7iDa6hUg2VgEL1o1HjmfBn,spotify:track:7iDa6hUg2VgEL1o1HjmfBn,https://api.spotify.com/v1/tracks/7iDa6hUg2VgEL1o1HjmfBn,https://api.spotify.com/v1/audio-analysis/7iDa6hUg2VgEL1o1HjmfBn,163870,4,Meant to Be (feat. Florida Georgia Line),All Your Fault: Pt. 2,"Bebe Rexha , Florida Georgia Line",79,2017-08-11,Top Tracks of 2018
156,0.471,0.625,1,-5.695,1,0.247,0.246,0.0,0.1,0.319,150.051,audio_features,5jWdZO2cAWXtk2lysIE5Pu,spotify:track:5jWdZO2cAWXtk2lysIE5Pu,https://api.spotify.com/v1/tracks/5jWdZO2cAWXtk2lysIE5Pu,https://api.spotify.com/v1/audio-analysis/5jWdZO2cAWXtk2lysIE5Pu,216713,4,Tilfældigt,Tilfældigt,"Basim , Benny Jamz",39,2018-01-12,Top Tracks of 2018
157,0.635,0.594,7,-5.289,0,0.0498,0.114,0.0,0.0652,0.238,159.924,audio_features,3PzNjV3A8cRiQBUuFmtkQ7,spotify:track:3PzNjV3A8cRiQBUuFmtkQ7,https://api.spotify.com/v1/tracks/3PzNjV3A8cRiQBUuFmtkQ7,https://api.spotify.com/v1/audio-analysis/3PzNjV3A8cRiQBUuFmtkQ7,179198,4,Number,Number,Alexander Oscar,49,2018-02-23,Top Tracks of 2018
158,0.622,0.712,5,-7.321,1,0.066,0.0573,0.0,0.13,0.487,140.025,audio_features,2QZ7WLBE8h2y1Y5Fb8RYbH,spotify:track:2QZ7WLBE8h2y1Y5Fb8RYbH,https://api.spotify.com/v1/tracks/2QZ7WLBE8h2y1Y5Fb8RYbH,https://api.spotify.com/v1/audio-analysis/2QZ7WLBE8h2y1Y5Fb8RYbH,211360,4,In My Blood,Shawn Mendes,Shawn Mendes,80,2018-05-25,Top Tracks of 2018
159,0.85,0.569,5,-8.152,0,0.136,0.0609,0.0816,0.1,0.294,80.02,audio_features,7ycWLEP1GsNjVvcjawXz3z,spotify:track:7ycWLEP1GsNjVvcjawXz3z,https://api.spotify.com/v1/tracks/7ycWLEP1GsNjVvcjawXz3z,https://api.spotify.com/v1/audio-analysis/7ycWLEP1GsNjVvcjawXz3z,205040,4,Praise The Lord (Da Shine) (feat. Skepta),TESTING,"A$AP Rocky , Skepta",80,2018-05-25,Top Tracks of 2018
160,0.687,0.785,1,-4.65,1,0.0333,0.327,0.0,0.203,0.655,106.046,audio_features,3KLygy1YWhmrQx0GRs7IOx,spotify:track:3KLygy1YWhmrQx0GRs7IOx,https://api.spotify.com/v1/tracks/3KLygy1YWhmrQx0GRs7IOx,https://api.spotify.com/v1/audio-analysis/3KLygy1YWhmrQx0GRs7IOx,194407,4,Rise,Blue,"Jonas Blue , Jack & Jack",11,2018-11-09,Top Tracks of 2018
161,0.697,0.683,1,-2.881,0,0.117,0.0372,0.0,0.137,0.603,96.133,audio_features,4Pbg79cTBu4vgSphoyNq3j,spotify:track:4Pbg79cTBu4vgSphoyNq3j,https://api.spotify.com/v1/tracks/4Pbg79cTBu4vgSphoyNq3j,https://api.spotify.com/v1/audio-analysis/4Pbg79cTBu4vgSphoyNq3j,186986,4,2002,2002,Anne-Marie,74,2018-04-19,Top Tracks of 2018
162,0.623,0.897,2,-4.946,1,0.107,0.0109,0.0,0.045,0.574,133.909,audio_features,5gJ8xepOK2zsUfaRLX1ANX,spotify:track:5gJ8xepOK2zsUfaRLX1ANX,https://api.spotify.com/v1/tracks/5gJ8xepOK2zsUfaRLX1ANX,https://api.spotify.com/v1/audio-analysis/5gJ8xepOK2zsUfaRLX1ANX,185504,4,Velsignet - Har Det Godt pt. 2,Under Al Kritik,Ude Af Kontrol,49,2018-10-12,Top Tracks of 2018
163,0.635,0.9,0,-3.719,0,0.0377,0.00664,0.0145,0.37,0.15,127.978,audio_features,6RnkFd8Fqqgk1Uni8RgqCQ,spotify:track:6RnkFd8Fqqgk1Uni8RgqCQ,https://api.spotify.com/v1/tracks/6RnkFd8Fqqgk1Uni8RgqCQ,https://api.spotify.com/v1/audio-analysis/6RnkFd8Fqqgk1Uni8RgqCQ,202500,4,Like I Do,Like I Do,"David Guetta , Martin Garrix , Brooks",70,2018-02-22,Top Tracks of 2018
164,0.552,0.76,0,-4.706,1,0.342,0.0733,0.0,0.0865,0.639,135.702,audio_features,5WvAo7DNuPRmk4APhdPzi8,spotify:track:5WvAo7DNuPRmk4APhdPzi8,https://api.spotify.com/v1/tracks/5WvAo7DNuPRmk4APhdPzi8,https://api.spotify.com/v1/audio-analysis/5WvAo7DNuPRmk4APhdPzi8,260000,5,No Brainer,No Brainer,"DJ Khaled , Justin Bieber , Quavo , Chance the Rapper",75,2018-07-27,Top Tracks of 2018
165,0.826,0.318,10,-12.391,1,0.0574,0.493,0.0131,0.11,0.138,103.002,audio_features,6G8kHiVZ1jW7vHMPVRNZU0,spotify:track:6G8kHiVZ1jW7vHMPVRNZU0,https://api.spotify.com/v1/tracks/6G8kHiVZ1jW7vHMPVRNZU0,https://api.spotify.com/v1/audio-analysis/6G8kHiVZ1jW7vHMPVRNZU0,245786,4,Don’t Matter To Me (with Michael Jackson),Scorpion,"Drake , Michael Jackson",73,2018-06-29,Top Tracks of 2018
166,0.719,0.704,1,-4.724,1,0.0476,0.0691,0.0,0.166,0.628,133.002,audio_features,25sgk305KZfyuqVBQIahim,spotify:track:25sgk305KZfyuqVBQIahim,https://api.spotify.com/v1/tracks/25sgk305KZfyuqVBQIahim,https://api.spotify.com/v1/audio-analysis/25sgk305KZfyuqVBQIahim,187436,4,Sweet but Psycho,Sweet but Psycho,Ava Max,85,2018-08-17,Top Tracks of 2018
167,0.735,0.677,2,-4.979,1,0.093,0.0762,2.17e-05,0.111,0.188,100.584,audio_features,77UjLW8j5UAGAGVGhR5oUK,spotify:track:77UjLW8j5UAGAGVGhR5oUK,https://api.spotify.com/v1/tracks/77UjLW8j5UAGAGVGhR5oUK,https://api.spotify.com/v1/audio-analysis/77UjLW8j5UAGAGVGhR5oUK,211440,4,Pray For Me (with Kendrick Lamar),Black Panther The Album Music From And Inspired By,"The Weeknd , Kendrick Lamar",76,2018-02-09,Top Tracks of 2018
168,0.45,0.465,7,-7.867,0,0.268,0.185,0.0,0.0782,0.788,70.231,audio_features,2U5cq89GCnsR1yixKkC8d5,spotify:track:2U5cq89GCnsR1yixKkC8d5,https://api.spotify.com/v1/tracks/2U5cq89GCnsR1yixKkC8d5,https://api.spotify.com/v1/audio-analysis/2U5cq89GCnsR1yixKkC8d5,202826,3,Barking,Barking,Ramz,73,2017-12-01,Top Tracks of 2018
169,0.593,0.712,8,-6.078,0,0.264,0.0779,0.0,0.269,0.48,199.918,audio_features,7IswsfMQkmjm1FQ2iT3sbw,spotify:track:7IswsfMQkmjm1FQ2iT3sbw,https://api.spotify.com/v1/tracks/7IswsfMQkmjm1FQ2iT3sbw,https://api.spotify.com/v1/audio-analysis/7IswsfMQkmjm1FQ2iT3sbw,207575,4,Glad,Glad,Bro,46,2018-06-22,Top Tracks of 2018
170,0.744,0.598,11,-7.102,0,0.0273,0.03,0.0,0.121,0.502,110.006,audio_features,00xE0XQaGE9ScphTFr0PJM,spotify:track:00xE0XQaGE9ScphTFr0PJM,https://api.spotify.com/v1/tracks/00xE0XQaGE9ScphTFr0PJM,https://api.spotify.com/v1/audio-analysis/00xE0XQaGE9ScphTFr0PJM,208642,4,Flawless,"All The Time, Sometimes",Mads Langer,49,2017-11-10,Top Tracks of 2018
171,0.729,0.642,7,-6.029,0,0.0885,0.213,0.00277,0.108,0.649,102.988,audio_features,4KzpgkWZvobrSk9z63tvNS,spotify:track:4KzpgkWZvobrSk9z63tvNS,https://api.spotify.com/v1/tracks/4KzpgkWZvobrSk9z63tvNS,https://api.spotify.com/v1/audio-analysis/4KzpgkWZvobrSk9z63tvNS,199815,4,Mon P'tit Loup,Mon P'tit Loup,Gilli,42,2018-05-21,Top Tracks of 2018
172,0.664,0.667,4,-5.941,1,0.154,0.64,1.22e-06,0.0753,0.381,180.064,audio_features,32lItqlMi4LBhb4k0BaSaC,spotify:track:32lItqlMi4LBhb4k0BaSaC,https://api.spotify.com/v1/tracks/32lItqlMi4LBhb4k0BaSaC,https://api.spotify.com/v1/audio-analysis/32lItqlMi4LBhb4k0BaSaC,227533,4,Candy Paint,beerbongs & bentleys,Post Malone,78,2018-04-27,Top Tracks of 2018
173,0.724,0.804,11,-4.614,0,0.0448,0.124,0.0,0.204,0.306,124.987,audio_features,0tBbt8CrmxbjRP0pueQkyU,spotify:track:0tBbt8CrmxbjRP0pueQkyU,https://api.spotify.com/v1/tracks/0tBbt8CrmxbjRP0pueQkyU,https://api.spotify.com/v1/audio-analysis/0tBbt8CrmxbjRP0pueQkyU,197993,4,Wolves,Wolves,"Selena Gomez , Marshmello",80,2017-10-25,Top Tracks of 2018
174,0.901,0.522,2,-8.304,1,0.33,0.0114,0.0,0.259,0.329,104.053,audio_features,4S8d14HvHb70ImctNgVzQQ,spotify:track:4S8d14HvHb70ImctNgVzQQ,https://api.spotify.com/v1/tracks/4S8d14HvHb70ImctNgVzQQ,https://api.spotify.com/v1/audio-analysis/4S8d14HvHb70ImctNgVzQQ,127946,4,I Love It (& Lil Pump),I Love It,"Kanye West , Lil Pump",77,2018-09-07,Top Tracks of 2018
175,0.734,0.765,7,-5.562,1,0.0621,0.151,0.0,0.231,0.518,109.989,audio_features,3DGar7krWlmrXRFHBcQF6z,spotify:track:3DGar7krWlmrXRFHBcQF6z,https://api.spotify.com/v1/tracks/3DGar7krWlmrXRFHBcQF6z,https://api.spotify.com/v1/audio-analysis/3DGar7krWlmrXRFHBcQF6z,163636,4,Whenever (feat. Conor Maynard),Whenever (feat. Conor Maynard),"Kris Kross Amsterdam , The Boy Next Door , Conor Maynard",72,2018-06-22,Top Tracks of 2018
176,0.933,0.639,10,-4.967,0,0.163,0.005,4.48e-06,0.0603,0.336,98.024,audio_features,12upFOLFbpQ5nTENWm2Glj,spotify:track:12upFOLFbpQ5nTENWm2Glj,https://api.spotify.com/v1/tracks/12upFOLFbpQ5nTENWm2Glj,https://api.spotify.com/v1/audio-analysis/12upFOLFbpQ5nTENWm2Glj,153916,4,AMG,AMG,MellemFingaMuzik,52,2018-08-25,Top Tracks of 2018
177,0.601,0.724,6,-4.856,1,0.0486,0.0945,1.68e-06,0.12,0.508,102.061,audio_features,4hQ6UGyWQIGJmHSo0J88JW,spotify:track:4hQ6UGyWQIGJmHSo0J88JW,https://api.spotify.com/v1/tracks/4hQ6UGyWQIGJmHSo0J88JW,https://api.spotify.com/v1/audio-analysis/4hQ6UGyWQIGJmHSo0J88JW,207904,4,Back To You - From 13 Reasons Why – Season 2 Soundtrack,Back To You (From 13 Reasons Why – Season 2 Soundtrack),Selena Gomez,78,2018-05-10,Top Tracks of 2018
178,0.761,0.585,1,-7.252,0,0.1,0.0664,0.0,0.505,0.684,96.09,audio_features,6L2TOTO0JjlVuKBnIuWcVY,spotify:track:6L2TOTO0JjlVuKBnIuWcVY,https://api.spotify.com/v1/tracks/6L2TOTO0JjlVuKBnIuWcVY,https://api.spotify.com/v1/audio-analysis/6L2TOTO0JjlVuKBnIuWcVY,190371,4,Bad,Bad,Christopher,49,2018-04-13,Top Tracks of 2018
179,0.552,0.371,7,-9.104,0,0.0359,0.857,0.0,0.0838,0.245,199.843,audio_features,1T575AhHueYinKSDflEsGK,spotify:track:1T575AhHueYinKSDflEsGK,https://api.spotify.com/v1/tracks/1T575AhHueYinKSDflEsGK,https://api.spotify.com/v1/audio-analysis/1T575AhHueYinKSDflEsGK,191786,3,Heaven,Fifty Shades Freed (Original Motion Picture Soundtrack),Julia Michaels,74,2018-02-09,Top Tracks of 2018
180,0.538,0.595,0,-7.398,1,0.112,0.0874,6.48e-06,0.161,0.334,183.736,audio_features,7FIcIjKaQJpy0vWWFZMZGH,spotify:track:7FIcIjKaQJpy0vWWFZMZGH,https://api.spotify.com/v1/tracks/7FIcIjKaQJpy0vWWFZMZGH,https://api.spotify.com/v1/audio-analysis/7FIcIjKaQJpy0vWWFZMZGH,207333,4,Strongest,Strongest,Ina Wroldsen,61,2017-10-27,Top Tracks of 2018
181,0.687,0.792,5,-2.749,1,0.0452,0.191,0.0,0.167,0.671,100.015,audio_features,2dpaYNEQHiRxtZbfNsse99,spotify:track:2dpaYNEQHiRxtZbfNsse99,https://api.spotify.com/v1/tracks/2dpaYNEQHiRxtZbfNsse99,https://api.spotify.com/v1/audio-analysis/2dpaYNEQHiRxtZbfNsse99,214289,4,Happier,Happier,"Marshmello , Bastille",87,2018-08-17,Top Tracks of 2018
182,0.662,0.714,5,-5.68,0,0.121,0.312,0.0,0.179,0.464,147.997,audio_features,52okn5MNA47tk87PeZJLEL,spotify:track:52okn5MNA47tk87PeZJLEL,https://api.spotify.com/v1/tracks/52okn5MNA47tk87PeZJLEL,https://api.spotify.com/v1/audio-analysis/52okn5MNA47tk87PeZJLEL,212120,4,Let You Down,Perception,NF,81,2017-10-06,Top Tracks of 2018
183,0.734,0.685,1,-5.788,1,0.0526,0.0192,4.02e-06,0.127,0.436,100.075,audio_features,1HbdS6DUrJbxWj1vnrXHsD,spotify:track:1HbdS6DUrJbxWj1vnrXHsD,https://api.spotify.com/v1/tracks/1HbdS6DUrJbxWj1vnrXHsD,https://api.spotify.com/v1/audio-analysis/1HbdS6DUrJbxWj1vnrXHsD,228445,4,Worry,Worry,FOOL,47,2018-06-01,Top Tracks of 2018
184,0.922,0.581,10,-7.495,1,0.27,0.00104,5.86e-05,0.105,0.595,140.022,audio_features,4qKcDkK6siZ7Jp1Jb4m0aL,spotify:track:4qKcDkK6siZ7Jp1Jb4m0aL,https://api.spotify.com/v1/tracks/4qKcDkK6siZ7Jp1Jb4m0aL,https://api.spotify.com/v1/audio-analysis/4qKcDkK6siZ7Jp1Jb4m0aL,181263,4,Look Alive (feat. Drake),Look Alive (feat. Drake),"BlocBoy JB , Drake",78,2018-02-09,Top Tracks of 2018
185,0.803,0.522,10,-7.777,0,0.0874,0.654,0.0,0.11,0.73,98.004,audio_features,259pBM4bY2oZTCCgTj3ChP,spotify:track:259pBM4bY2oZTCCgTj3ChP,https://api.spotify.com/v1/tracks/259pBM4bY2oZTCCgTj3ChP,https://api.spotify.com/v1/audio-analysis/259pBM4bY2oZTCCgTj3ChP,217678,4,Good Together,Lagune,Scarlet Pleasure,48,2017-11-17,Top Tracks of 2018
186,0.834,0.754,8,-6.407,0,0.0874,0.0539,0.0,0.134,0.817,109.998,audio_features,2zo3xmyUOxvnZ4qy3BQFwa,spotify:track:2zo3xmyUOxvnZ4qy3BQFwa,https://api.spotify.com/v1/tracks/2zo3xmyUOxvnZ4qy3BQFwa,https://api.spotify.com/v1/audio-analysis/2zo3xmyUOxvnZ4qy3BQFwa,179825,4,Carnalismo,Carnalismo,"NODE , Gilli , Branco",34,2018-01-17,Top Tracks of 2018
187,0.704,0.859,5,-4.877,0,0.0996,0.0185,0.0,0.0215,0.926,105.115,audio_features,3Vo4wInECJQuz9BIBMOu8i,spotify:track:3Vo4wInECJQuz9BIBMOu8i,https://api.spotify.com/v1/tracks/3Vo4wInECJQuz9BIBMOu8i,https://api.spotify.com/v1/audio-analysis/3Vo4wInECJQuz9BIBMOu8i,217288,4,Finesse - Remix; feat. Cardi B,Finesse (Remix) [feat. Cardi B],"Bruno Mars , Cardi B",75,2017-12-20,Top Tracks of 2018
188,0.765,0.668,5,-5.667,0,0.111,0.088,0.0,0.0967,0.714,143.987,audio_features,3G3mTTR1EDmce8zZIdapM6,spotify:track:3G3mTTR1EDmce8zZIdapM6,https://api.spotify.com/v1/tracks/3G3mTTR1EDmce8zZIdapM6,https://api.spotify.com/v1/audio-analysis/3G3mTTR1EDmce8zZIdapM6,190000,4,Ekstra,Ekstra,KESI,46,2018-07-27,Top Tracks of 2018
189,0.506,0.693,0,-7.265,0,0.0412,0.584,9.58e-05,0.0891,0.221,139.912,audio_features,3nc420PXjTdBV5TN0gCFkS,spotify:track:3nc420PXjTdBV5TN0gCFkS,https://api.spotify.com/v1/tracks/3nc420PXjTdBV5TN0gCFkS,https://api.spotify.com/v1/audio-analysis/3nc420PXjTdBV5TN0gCFkS,216419,4,Ocean (feat. Khalid),Ocean (feat. Khalid),"Martin Garrix , Khalid",74,2018-06-15,Top Tracks of 2018
190,0.521,0.478,10,-7.384,0,0.149,0.219,0.0,0.23,0.365,82.572,audio_features,610KxSt2HNjczZ2ic2Yr9q,spotify:track:610KxSt2HNjczZ2ic2Yr9q,https://api.spotify.com/v1/tracks/610KxSt2HNjczZ2ic2Yr9q,https://api.spotify.com/v1/audio-analysis/610KxSt2HNjczZ2ic2Yr9q,173912,4,Højre Og Venstre (feat. Ericka Jane),Ingen Drama,"Skinz , Ericka Jane",44,2018-06-01,Top Tracks of 2018
191,0.442,0.585,0,-10.332,0,0.0964,0.0984,0.391,0.14,0.116,97.565,audio_features,4T3fNx3CgwDRRYgmFCbD4J,spotify:track:4T3fNx3CgwDRRYgmFCbD4J,https://api.spotify.com/v1/tracks/4T3fNx3CgwDRRYgmFCbD4J,https://api.spotify.com/v1/audio-analysis/4T3fNx3CgwDRRYgmFCbD4J,229412,4,Better,Better,Khalid,74,2018-09-14,Top Tracks of 2018
192,0.864,0.693,10,-5.571,0,0.0516,0.462,0.0,0.167,0.851,118.962,audio_features,6iKh27IuddYWKDKC6x5NtM,spotify:track:6iKh27IuddYWKDKC6x5NtM,https://api.spotify.com/v1/tracks/6iKh27IuddYWKDKC6x5NtM,https://api.spotify.com/v1/audio-analysis/6iKh27IuddYWKDKC6x5NtM,167435,4,La Fami,La Fami,Fouli,44,2018-03-09,Top Tracks of 2018
193,0.628,0.797,11,-3.953,0,0.0596,0.0364,0.0,0.104,0.321,106.93,audio_features,7EI6Iki24tBHAMxtb4xQN2,spotify:track:7EI6Iki24tBHAMxtb4xQN2,https://api.spotify.com/v1/tracks/7EI6Iki24tBHAMxtb4xQN2,https://api.spotify.com/v1/audio-analysis/7EI6Iki24tBHAMxtb4xQN2,215064,4,Anywhere,Anywhere,Rita Ora,71,2017-10-20,Top Tracks of 2018
194,0.642,0.718,2,-5.097,0,0.076,0.246,0.0,0.125,0.583,103.842,audio_features,6GfqrsrHtwS9gUmZ6ZjPtu,spotify:track:6GfqrsrHtwS9gUmZ6ZjPtu,https://api.spotify.com/v1/tracks/6GfqrsrHtwS9gUmZ6ZjPtu,https://api.spotify.com/v1/audio-analysis/6GfqrsrHtwS9gUmZ6ZjPtu,189266,4,LA CRIMINAL,LA CRIMINAL,MellemFingaMuzik,41,2018-03-23,Top Tracks of 2018
195,0.609,0.726,5,-4.346,0,0.0414,0.0723,8.45e-06,0.0895,0.362,93.958,audio_features,33IOhptvC2Qoy2UhjiHXLV,spotify:track:33IOhptvC2Qoy2UhjiHXLV,https://api.spotify.com/v1/tracks/33IOhptvC2Qoy2UhjiHXLV,https://api.spotify.com/v1/audio-analysis/33IOhptvC2Qoy2UhjiHXLV,195000,4,Flames,Flames,"David Guetta , Sia",74,2018-03-22,Top Tracks of 2018
196,0.652,0.678,2,-6.183,1,0.0541,0.183,3.26e-05,0.106,0.28,72.989,audio_features,6Hgh47WXVKtXN5zGOu0hjI,spotify:track:6Hgh47WXVKtXN5zGOu0hjI,https://api.spotify.com/v1/tracks/6Hgh47WXVKtXN5zGOu0hjI,https://api.spotify.com/v1/audio-analysis/6Hgh47WXVKtXN5zGOu0hjI,263013,4,OTW,OTW,"Khalid , 6LACK , Ty Dolla $ign",77,2018-04-20,Top Tracks of 2018
197,0.834,0.73,8,-3.714,1,0.222,0.00513,0.0,0.124,0.446,155.008,audio_features,2xLMifQCjDGFmkHkpNLD9h,spotify:track:2xLMifQCjDGFmkHkpNLD9h,https://api.spotify.com/v1/tracks/2xLMifQCjDGFmkHkpNLD9h,https://api.spotify.com/v1/audio-analysis/2xLMifQCjDGFmkHkpNLD9h,312820,4,SICKO MODE,ASTROWORLD,Travis Scott,86,2018-08-03,Top Tracks of 2018
198,0.801,0.56,2,-7.144,1,0.0859,0.384,0.0,0.106,0.165,119.931,audio_features,0DMrRNa5ZEeIuEyHM7t1QH,spotify:track:0DMrRNa5ZEeIuEyHM7t1QH,https://api.spotify.com/v1/tracks/0DMrRNa5ZEeIuEyHM7t1QH,https://api.spotify.com/v1/audio-analysis/0DMrRNa5ZEeIuEyHM7t1QH,198642,4,Colombiana (feat. Gilli),Colombiana (feat. Gilli),"Sivas , Gilli",36,2018-04-11,Top Tracks of 2018
199,0.669,0.574,4,-6.442,0,0.0286,0.0175,0.00294,0.146,0.273,120.013,audio_features,4jvjzW7Hm0yK4LvvE0Paz9,spotify:track:4jvjzW7Hm0yK4LvvE0Paz9,https://api.spotify.com/v1/tracks/4jvjzW7Hm0yK4LvvE0Paz9,https://api.spotify.com/v1/audio-analysis/4jvjzW7Hm0yK4LvvE0Paz9,196400,4,Falling Down - Bonus Track,"Come Over When You're Sober, Pt. 2","Lil Peep , XXXTENTACION",81,2018-11-09,Top Tracks of 2018
200,0.759,0.548,9,-6.049,0,0.029,0.0392,0.0,0.0828,0.749,116.967,audio_features,6v3KW9xbzN5yKLt9YKDYA2,spotify:track:6v3KW9xbzN5yKLt9YKDYA2,https://api.spotify.com/v1/tracks/6v3KW9xbzN5yKLt9YKDYA2,https://api.spotify.com/v1/audio-analysis/6v3KW9xbzN5yKLt9YKDYA2,190799,4,Señorita,Shawn Mendes (Deluxe),"Shawn Mendes , Camila Cabello",86,2019-06-19,Top Tracks of 2019
201,0.701,0.425,7,-10.965,1,0.375,0.328,0.13,0.1,0.562,135.128,audio_features,2Fxmhks0bxGSBdJ92vM42m,spotify:track:2Fxmhks0bxGSBdJ92vM42m,https://api.spotify.com/v1/tracks/2Fxmhks0bxGSBdJ92vM42m,https://api.spotify.com/v1/audio-analysis/2Fxmhks0bxGSBdJ92vM42m,194087,4,bad guy,"WHEN WE ALL FALL ASLEEP, WHERE DO WE GO?",Billie Eilish,94,2019-03-29,Top Tracks of 2019
202,0.755,0.522,2,-4.368,1,0.0575,0.533,0.0,0.0685,0.925,89.96,audio_features,0RiRZpuVRbi7oqRdSMwhQY,spotify:track:0RiRZpuVRbi7oqRdSMwhQY,https://api.spotify.com/v1/tracks/0RiRZpuVRbi7oqRdSMwhQY,https://api.spotify.com/v1/audio-analysis/0RiRZpuVRbi7oqRdSMwhQY,157560,4,Sunflower - Spider-Man: Into the Spider-Verse,Hollywood's Bleeding,"Post Malone , Swae Lee",85,2019-09-06,Top Tracks of 2019
203,0.778,0.317,1,-10.732,0,0.334,0.592,0.0,0.0881,0.327,140.048,audio_features,6ocbgoVGwYJhOv1GgI9NsF,spotify:track:6ocbgoVGwYJhOv1GgI9NsF,https://api.spotify.com/v1/tracks/6ocbgoVGwYJhOv1GgI9NsF,https://api.spotify.com/v1/audio-analysis/6ocbgoVGwYJhOv1GgI9NsF,178626,4,7 rings,"thank u, next",Ariana Grande,88,2019-02-08,Top Tracks of 2019
204,0.878,0.619,6,-5.56,1,0.102,0.0533,0.0,0.113,0.639,136.041,audio_features,2YpeDb67231RjR0MgVLzsG,spotify:track:2YpeDb67231RjR0MgVLzsG,https://api.spotify.com/v1/tracks/2YpeDb67231RjR0MgVLzsG,https://api.spotify.com/v1/audio-analysis/2YpeDb67231RjR0MgVLzsG,157066,4,Old Town Road - Remix,7 EP,"Lil Nas X , Billy Ray Cyrus",87,2019-06-21,Top Tracks of 2019
205,0.798,0.675,6,-5.041,1,0.0442,0.0912,0.0,0.0894,0.842,101.956,audio_features,0hVXuCcriWRGvwMV1r5Yn9,spotify:track:0hVXuCcriWRGvwMV1r5Yn9,https://api.spotify.com/v1/tracks/0hVXuCcriWRGvwMV1r5Yn9,https://api.spotify.com/v1/audio-analysis/0hVXuCcriWRGvwMV1r5Yn9,219946,4,I Don't Care (with Justin Bieber),No.6 Collaborations Project,"Ed Sheeran , Justin Bieber",82,2019-07-12,Top Tracks of 2019
206,0.829,0.539,11,-7.359,0,0.208,0.136,1.78e-06,0.103,0.388,99.96,audio_features,7xQAfvXzm3AkraOtGPWIZg,spotify:track:7xQAfvXzm3AkraOtGPWIZg,https://api.spotify.com/v1/tracks/7xQAfvXzm3AkraOtGPWIZg,https://api.spotify.com/v1/audio-analysis/7xQAfvXzm3AkraOtGPWIZg,149546,4,Wow.,Hollywood's Bleeding,Post Malone,86,2019-09-06,Top Tracks of 2019
207,0.501,0.405,1,-5.679,1,0.0319,0.751,0.0,0.105,0.446,109.891,audio_features,7qEHsqek33rTcFNT9PFqLf,spotify:track:7qEHsqek33rTcFNT9PFqLf,https://api.spotify.com/v1/tracks/7qEHsqek33rTcFNT9PFqLf,https://api.spotify.com/v1/audio-analysis/7qEHsqek33rTcFNT9PFqLf,182160,4,Someone You Loved,Divinely Uninspired To A Hellish Extent,Lewis Capaldi,93,2019-05-17,Top Tracks of 2019
208,0.737,0.86,8,-2.652,0,0.0593,0.11,1.94e-06,0.0574,0.656,93.989,audio_features,5w9c2J52mkdntKOmRLeM2m,spotify:track:5w9c2J52mkdntKOmRLeM2m,https://api.spotify.com/v1/tracks/5w9c2J52mkdntKOmRLeM2m,https://api.spotify.com/v1/audio-analysis/5w9c2J52mkdntKOmRLeM2m,193226,4,Con Calma,Con Calma,"Daddy Yankee , Snow",84,2019-01-24,Top Tracks of 2019
209,0.572,0.385,7,-6.362,1,0.0308,0.371,0.0,0.231,0.323,95.799,audio_features,2VxeLyX666F8uXCJ0dZF8B,spotify:track:2VxeLyX666F8uXCJ0dZF8B,https://api.spotify.com/v1/tracks/2VxeLyX666F8uXCJ0dZF8B,https://api.spotify.com/v1/audio-analysis/2VxeLyX666F8uXCJ0dZF8B,215733,4,Shallow,A Star Is Born Soundtrack,"Lady Gaga , Bradley Cooper",86,2018-10-05,Top Tracks of 2019
210,0.687,0.792,5,-2.749,1,0.0452,0.191,0.0,0.167,0.671,100.015,audio_features,2dpaYNEQHiRxtZbfNsse99,spotify:track:2dpaYNEQHiRxtZbfNsse99,https://api.spotify.com/v1/tracks/2dpaYNEQHiRxtZbfNsse99,https://api.spotify.com/v1/audio-analysis/2dpaYNEQHiRxtZbfNsse99,214289,4,Happier,Happier,"Marshmello , Bastille",87,2018-08-17,Top Tracks of 2019
211,0.752,0.488,6,-7.05,1,0.0705,0.297,9.11e-06,0.0936,0.533,136.041,audio_features,5p7ujcrUXASCNwRaWNHR1C,spotify:track:5p7ujcrUXASCNwRaWNHR1C,https://api.spotify.com/v1/tracks/5p7ujcrUXASCNwRaWNHR1C,https://api.spotify.com/v1/audio-analysis/5p7ujcrUXASCNwRaWNHR1C,201660,4,Without Me,Without Me,Halsey,85,2018-10-04,Top Tracks of 2019
212,0.826,0.773,11,-4.218,0,0.0524,0.323,0.0,0.143,0.761,126.899,audio_features,5iwz1NiezX7WWjnCgY5TH4,spotify:track:5iwz1NiezX7WWjnCgY5TH4,https://api.spotify.com/v1/tracks/5iwz1NiezX7WWjnCgY5TH4,https://api.spotify.com/v1/audio-analysis/5iwz1NiezX7WWjnCgY5TH4,238200,4,Calma - Remix,Calma (Remix),"Pedro Capó , Farruko",83,2018-10-05,Top Tracks of 2019
213,0.717,0.653,1,-5.634,1,0.0658,0.229,0.0,0.101,0.412,106.966,audio_features,3e9HZxeyfWwjeyPAMmWSSQ,spotify:track:3e9HZxeyfWwjeyPAMmWSSQ,https://api.spotify.com/v1/tracks/3e9HZxeyfWwjeyPAMmWSSQ,https://api.spotify.com/v1/audio-analysis/3e9HZxeyfWwjeyPAMmWSSQ,207320,4,"thank u, next","thank u, next",Ariana Grande,85,2019-02-08,Top Tracks of 2019
214,0.842,0.734,1,-5.065,0,0.0588,0.0427,0.0,0.106,0.952,137.958,audio_features,22vgEDb5hykfaTwLuskFGD,spotify:track:22vgEDb5hykfaTwLuskFGD,https://api.spotify.com/v1/tracks/22vgEDb5hykfaTwLuskFGD,https://api.spotify.com/v1/audio-analysis/22vgEDb5hykfaTwLuskFGD,181026,4,Sucker,Happiness Begins,Jonas Brothers,86,2019-06-07,Top Tracks of 2019
215,0.719,0.704,1,-4.724,1,0.0476,0.0691,0.0,0.166,0.628,133.002,audio_features,25sgk305KZfyuqVBQIahim,spotify:track:25sgk305KZfyuqVBQIahim,https://api.spotify.com/v1/tracks/25sgk305KZfyuqVBQIahim,https://api.spotify.com/v1/audio-analysis/25sgk305KZfyuqVBQIahim,187436,4,Sweet but Psycho,Sweet but Psycho,Ava Max,85,2018-08-17,Top Tracks of 2019
216,0.741,0.52,8,-7.513,1,0.0656,0.45,1.97e-06,0.222,0.347,102.998,audio_features,6Qs4SXO9dwPj5GKvVOv8Ki,spotify:track:6Qs4SXO9dwPj5GKvVOv8Ki,https://api.spotify.com/v1/tracks/6Qs4SXO9dwPj5GKvVOv8Ki,https://api.spotify.com/v1/audio-analysis/6Qs4SXO9dwPj5GKvVOv8Ki,171029,4,Dancing With A Stranger (with Normani),Dancing With A Stranger (with Normani),"Sam Smith , Normani",86,2019-01-11,Top Tracks of 2019
217,0.905,0.389,8,-14.505,1,0.332,0.74,0.162,0.106,0.196,120.046,audio_features,4SSnFejRGlZikf02HLewEF,spotify:track:4SSnFejRGlZikf02HLewEF,https://api.spotify.com/v1/tracks/4SSnFejRGlZikf02HLewEF,https://api.spotify.com/v1/audio-analysis/4SSnFejRGlZikf02HLewEF,193143,4,bury a friend,"WHEN WE ALL FALL ASLEEP, WHERE DO WE GO?",Billie Eilish,86,2019-03-29,Top Tracks of 2019
218,0.907,0.53,1,-6.112,1,0.127,0.0578,2.23e-06,0.101,0.507,135.998,audio_features,0F7FA14euOIX8KcbEturGH,spotify:track:0F7FA14euOIX8KcbEturGH,https://api.spotify.com/v1/tracks/0F7FA14euOIX8KcbEturGH,https://api.spotify.com/v1/audio-analysis/0F7FA14euOIX8KcbEturGH,113000,4,Old Town Road,7 EP,Lil Nas X,83,2019-06-21,Top Tracks of 2019
219,0.901,0.4,0,-8.575,1,0.126,0.051,0.0,0.0599,0.346,135.984,audio_features,6TqXcAFInzjp0bODyvrWEq,spotify:track:6TqXcAFInzjp0bODyvrWEq,https://api.spotify.com/v1/tracks/6TqXcAFInzjp0bODyvrWEq,https://api.spotify.com/v1/audio-analysis/6TqXcAFInzjp0bODyvrWEq,197573,4,Talk (feat. Disclosure),Free Spirit,"Khalid , Disclosure",80,2019-04-05,Top Tracks of 2019
220,0.367,0.111,4,-14.084,1,0.0972,0.978,3.97e-05,0.0897,0.198,82.642,audio_features,43zdsphuZLzwA9k4DJhU0I,spotify:track:43zdsphuZLzwA9k4DJhU0I,https://api.spotify.com/v1/tracks/43zdsphuZLzwA9k4DJhU0I,https://api.spotify.com/v1/audio-analysis/43zdsphuZLzwA9k4DJhU0I,196077,4,when the party's over,"WHEN WE ALL FALL ASLEEP, WHERE DO WE GO?",Billie Eilish,89,2019-03-29,Top Tracks of 2019
221,0.64,0.648,5,-8.113,0,0.187,0.124,0.0,0.0802,0.548,92.977,audio_features,70eFcWOvlMObDhURTqT4Fv,spotify:track:70eFcWOvlMObDhURTqT4Fv,https://api.spotify.com/v1/tracks/70eFcWOvlMObDhURTqT4Fv,https://api.spotify.com/v1/audio-analysis/70eFcWOvlMObDhURTqT4Fv,197866,4,Beautiful People (feat. Khalid),No.6 Collaborations Project,"Ed Sheeran , Khalid",81,2019-07-12,Top Tracks of 2019
222,0.825,0.593,6,-6.401,0,0.0988,0.688,0.000161,0.17,0.54,98.078,audio_features,1rgnBhdG2JDFTbYkYRZAku,spotify:track:1rgnBhdG2JDFTbYkYRZAku,https://api.spotify.com/v1/tracks/1rgnBhdG2JDFTbYkYRZAku,https://api.spotify.com/v1/audio-analysis/1rgnBhdG2JDFTbYkYRZAku,209754,4,Dance Monkey,Dance Monkey,Tones and I,76,2019-05-10,Top Tracks of 2019
223,0.726,0.554,5,-5.29,0,0.0917,0.0421,0.0,0.106,0.335,169.999,audio_features,4kV4N9D1iKVxx1KLvtTpjS,spotify:track:4kV4N9D1iKVxx1KLvtTpjS,https://api.spotify.com/v1/tracks/4kV4N9D1iKVxx1KLvtTpjS,https://api.spotify.com/v1/audio-analysis/4kV4N9D1iKVxx1KLvtTpjS,190440,4,"break up with your girlfriend, i'm bored","thank u, next",Ariana Grande,82,2019-02-08,Top Tracks of 2019
224,0.837,0.364,8,-11.713,1,0.276,0.149,0.0,0.271,0.463,123.984,audio_features,2JvzF1RMd7lE3KmFlsyZD8,spotify:track:2JvzF1RMd7lE3KmFlsyZD8,https://api.spotify.com/v1/tracks/2JvzF1RMd7lE3KmFlsyZD8,https://api.spotify.com/v1/audio-analysis/2JvzF1RMd7lE3KmFlsyZD8,213593,4,MIDDLE CHILD,MIDDLE CHILD,J. Cole,84,2019-01-23,Top Tracks of 2019
225,0.58,0.653,5,-3.818,1,0.0745,0.447,0.0,0.111,0.175,150.231,audio_features,6vBdBCoOhKHiYDDOcorfNo,spotify:track:6vBdBCoOhKHiYDDOcorfNo,https://api.spotify.com/v1/tracks/6vBdBCoOhKHiYDDOcorfNo,https://api.spotify.com/v1/audio-analysis/6vBdBCoOhKHiYDDOcorfNo,174960,4,Goodbyes (Feat. Young Thug),Goodbyes (Feat. Young Thug),"Post Malone , Young Thug",37,2019-07-05,Top Tracks of 2019
226,0.579,0.904,5,-2.729,1,0.0618,0.193,0.0,0.064,0.681,82.014,audio_features,1rqqCSm0Qe4I9rUvWncaom,spotify:track:1rqqCSm0Qe4I9rUvWncaom,https://api.spotify.com/v1/tracks/1rqqCSm0Qe4I9rUvWncaom,https://api.spotify.com/v1/audio-analysis/1rqqCSm0Qe4I9rUvWncaom,190946,4,High Hopes,Pray for the Wicked,Panic! At The Disco,84,2018-06-22,Top Tracks of 2019
227,0.842,0.801,8,-4.167,0,0.228,0.157,4.82e-06,0.0642,0.617,95.881,audio_features,0KoiMHhqKLoL4xM54rcWYY,spotify:track:0KoiMHhqKLoL4xM54rcWYY,https://api.spotify.com/v1/tracks/0KoiMHhqKLoL4xM54rcWYY,https://api.spotify.com/v1/audio-analysis/0KoiMHhqKLoL4xM54rcWYY,212500,4,"Taki Taki (feat. Selena Gomez, Ozuna & Cardi B)",Carte Blanche,"DJ Snake , Selena Gomez , Ozuna , Cardi B",74,2019-07-25,Top Tracks of 2019
228,0.745,0.642,7,-6.257,0,0.287,0.0204,0.0,0.0658,0.226,179.974,audio_features,1lOe9qE0vR9zwWQAOk6CoO,spotify:track:1lOe9qE0vR9zwWQAOk6CoO,https://api.spotify.com/v1/tracks/1lOe9qE0vR9zwWQAOk6CoO,https://api.spotify.com/v1/audio-analysis/1lOe9qE0vR9zwWQAOk6CoO,131240,4,Ransom,We Love You Tecca,Lil Tecca,87,2019-08-30,Top Tracks of 2019
229,0.351,0.296,4,-10.109,0,0.0333,0.934,0.0,0.095,0.12,115.284,audio_features,0u2P5u6lvoDfwTYjAADbn4,spotify:track:0u2P5u6lvoDfwTYjAADbn4,https://api.spotify.com/v1/tracks/0u2P5u6lvoDfwTYjAADbn4,https://api.spotify.com/v1/audio-analysis/0u2P5u6lvoDfwTYjAADbn4,200185,4,lovely (with Khalid),lovely (with Khalid),"Billie Eilish , Khalid",89,2018-04-19,Top Tracks of 2019
230,0.834,0.73,8,-3.714,1,0.222,0.00513,0.0,0.124,0.446,155.008,audio_features,2xLMifQCjDGFmkHkpNLD9h,spotify:track:2xLMifQCjDGFmkHkpNLD9h,https://api.spotify.com/v1/tracks/2xLMifQCjDGFmkHkpNLD9h,https://api.spotify.com/v1/audio-analysis/2xLMifQCjDGFmkHkpNLD9h,312820,4,SICKO MODE,ASTROWORLD,Travis Scott,86,2018-08-03,Top Tracks of 2019
231,0.889,0.496,4,-6.365,0,0.0905,0.259,0.0,0.252,0.544,86.003,audio_features,2IRZnDFmlqMuOrYOLnZZyc,spotify:track:2IRZnDFmlqMuOrYOLnZZyc,https://api.spotify.com/v1/tracks/2IRZnDFmlqMuOrYOLnZZyc,https://api.spotify.com/v1/audio-analysis/2IRZnDFmlqMuOrYOLnZZyc,180522,4,Going Bad (feat. Drake),Championships,"Meek Mill , Drake",84,2018-11-30,Top Tracks of 2019
232,0.674,0.881,9,-2.853,1,0.147,0.296,3.01e-06,0.0793,0.234,98.994,audio_features,5WHTFyqSii0lmT9R21abT8,spotify:track:5WHTFyqSii0lmT9R21abT8,https://api.spotify.com/v1/tracks/5WHTFyqSii0lmT9R21abT8,https://api.spotify.com/v1/audio-analysis/5WHTFyqSii0lmT9R21abT8,178480,4,Don't Call Me Up,Ivy To Roses (Mixtape),Mabel,82,2019-01-18,Top Tracks of 2019
233,0.61,0.624,2,-4.773,1,0.309,0.6,2.12e-06,0.243,0.244,176.169,audio_features,2TH65lNHgvLxCKXM3apjxI,spotify:track:2TH65lNHgvLxCKXM3apjxI,https://api.spotify.com/v1/tracks/2TH65lNHgvLxCKXM3apjxI,https://api.spotify.com/v1/audio-analysis/2TH65lNHgvLxCKXM3apjxI,250533,4,Callaita,Callaita,"Bad Bunny , Tainy",88,2019-05-31,Top Tracks of 2019
234,0.817,0.539,6,-6.349,0,0.0621,0.0141,0.000496,0.099,0.158,97.062,audio_features,116H0KvKr2Zl4RPuVBruDO,spotify:track:116H0KvKr2Zl4RPuVBruDO,https://api.spotify.com/v1/tracks/116H0KvKr2Zl4RPuVBruDO,https://api.spotify.com/v1/audio-analysis/116H0KvKr2Zl4RPuVBruDO,210367,4,MIA (feat. Drake),MIA (feat. Drake),"Bad Bunny , Drake",81,2018-10-11,Top Tracks of 2019
235,0.715,0.624,4,-3.046,0,0.114,0.11,0.0,0.123,0.412,158.087,audio_features,5qmq61DAAOUaW8AUo8xKhh,spotify:track:5qmq61DAAOUaW8AUo8xKhh,https://api.spotify.com/v1/tracks/5qmq61DAAOUaW8AUo8xKhh,https://api.spotify.com/v1/audio-analysis/5qmq61DAAOUaW8AUo8xKhh,173325,4,Truth Hurts,Cuz I Love You (Deluxe),Lizzo,81,2019-05-03,Top Tracks of 2019
236,0.632,0.686,6,-7.665,0,0.243,0.549,0.0,0.2,0.329,89.949,audio_features,7FGq80cy8juXBCD2nrqdWU,spotify:track:7FGq80cy8juXBCD2nrqdWU,https://api.spotify.com/v1/tracks/7FGq80cy8juXBCD2nrqdWU,https://api.spotify.com/v1/audio-analysis/7FGq80cy8juXBCD2nrqdWU,170769,4,Eastside (with Halsey & Khalid),FRIENDS KEEP SECRETS,"benny blanco , Halsey , Khalid",77,2018-12-07,Top Tracks of 2019
237,0.414,0.404,0,-9.928,0,0.0499,0.271,0.0,0.3,0.224,71.105,audio_features,4u7EnebtmKWzUH433cf5Qv,spotify:track:4u7EnebtmKWzUH433cf5Qv,https://api.spotify.com/v1/tracks/4u7EnebtmKWzUH433cf5Qv,https://api.spotify.com/v1/audio-analysis/4u7EnebtmKWzUH433cf5Qv,354320,4,Bohemian Rhapsody - 2011 Mix,A Night At The Opera (2011 Remaster),Queen,83,1975-11-21,Top Tracks of 2019
238,0.807,0.803,11,-4.156,1,0.126,0.602,0.00853,0.136,0.706,91.987,audio_features,5W83ErFkO3aKAIS1WMi6u0,spotify:track:5W83ErFkO3aKAIS1WMi6u0,https://api.spotify.com/v1/tracks/5W83ErFkO3aKAIS1WMi6u0,https://api.spotify.com/v1/audio-analysis/5W83ErFkO3aKAIS1WMi6u0,258800,4,Secreto,Secreto,"Anuel AA , KAROL G",80,2019-01-15,Top Tracks of 2019
239,0.786,0.808,7,-3.702,1,0.0882,0.0846,0.000289,0.0822,0.609,105.027,audio_features,2ksOAxtIxY8yElEWw8RhgK,spotify:track:2ksOAxtIxY8yElEWw8RhgK,https://api.spotify.com/v1/tracks/2ksOAxtIxY8yElEWw8RhgK,https://api.spotify.com/v1/audio-analysis/2ksOAxtIxY8yElEWw8RhgK,301714,4,China,China,"Anuel AA , Daddy Yankee , KAROL G , J Balvin , Ozuna",90,2019-07-19,Top Tracks of 2019
240,0.691,0.823,2,-4.197,1,0.0623,0.487,0.0,0.134,0.87,123.935,audio_features,2bT1PH7Cw3J9p3t7nlXCdh,spotify:track:2bT1PH7Cw3J9p3t7nlXCdh,https://api.spotify.com/v1/tracks/2bT1PH7Cw3J9p3t7nlXCdh,https://api.spotify.com/v1/audio-analysis/2bT1PH7Cw3J9p3t7nlXCdh,191466,4,If I Can't Have You,Shawn Mendes (Deluxe),Shawn Mendes,76,2019-06-19,Top Tracks of 2019
241,0.747,0.7,0,-4.669,1,0.341,0.136,0.000167,0.11,0.62,176.036,audio_features,1Ej96GIBCTvgH7tNX1r3qr,spotify:track:1Ej96GIBCTvgH7tNX1r3qr,https://api.spotify.com/v1/tracks/1Ej96GIBCTvgH7tNX1r3qr,https://api.spotify.com/v1/audio-analysis/1Ej96GIBCTvgH7tNX1r3qr,225933,4,Otro Trago,Sueños,"Sech , Darell",81,2019-04-19,Top Tracks of 2019
242,0.599,0.733,11,-7.058,1,0.203,0.176,0.0,0.242,0.534,102.211,audio_features,7COXchtUOMd6uIT6HvmRaI,spotify:track:7COXchtUOMd6uIT6HvmRaI,https://api.spotify.com/v1/tracks/7COXchtUOMd6uIT6HvmRaI,https://api.spotify.com/v1/audio-analysis/7COXchtUOMd6uIT6HvmRaI,162582,4,i'm so tired...,i'm so tired...,"Lauv , Troye Sivan",81,2019-01-24,Top Tracks of 2019
243,0.677,0.744,10,-6.806,0,0.0295,0.0404,0.00016,0.074,0.631,124.08,audio_features,1DFD5Fotzgn6yYXkYsKiGs,spotify:track:1DFD5Fotzgn6yYXkYsKiGs,https://api.spotify.com/v1/tracks/1DFD5Fotzgn6yYXkYsKiGs,https://api.spotify.com/v1/audio-analysis/1DFD5Fotzgn6yYXkYsKiGs,152913,4,Piece Of Your Heart,Piece Of Your Heart,"MEDUZA , Goodboys",86,2019-02-01,Top Tracks of 2019
244,0.802,0.645,5,-6.181,0,0.0715,0.272,0.0,0.119,0.376,100.001,audio_features,2x0RZdkZcD8QRI53XT4GI5,spotify:track:2x0RZdkZcD8QRI53XT4GI5,https://api.spotify.com/v1/tracks/2x0RZdkZcD8QRI53XT4GI5,https://api.spotify.com/v1/audio-analysis/2x0RZdkZcD8QRI53XT4GI5,157202,4,SOS (feat. Aloe Blacc),TIM,"Avicii , Aloe Blacc",80,2019-06-06,Top Tracks of 2019
245,0.68,0.578,10,-5.804,1,0.04,0.331,0.0,0.135,0.341,145.038,audio_features,7dt6x5M1jzdTEt8oCbisTK,spotify:track:7dt6x5M1jzdTEt8oCbisTK,https://api.spotify.com/v1/tracks/7dt6x5M1jzdTEt8oCbisTK,https://api.spotify.com/v1/audio-analysis/7dt6x5M1jzdTEt8oCbisTK,231266,4,Better Now,beerbongs & bentleys,Post Malone,85,2018-04-27,Top Tracks of 2019
246,0.795,0.783,5,-4.271,1,0.0432,0.361,0.0,0.437,0.8,92.016,audio_features,4t9a07PAghtQMRAIP9FQ7Z,spotify:track:4t9a07PAghtQMRAIP9FQ7Z,https://api.spotify.com/v1/tracks/4t9a07PAghtQMRAIP9FQ7Z,https://api.spotify.com/v1/audio-analysis/4t9a07PAghtQMRAIP9FQ7Z,266086,4,Soltera - Remix,Épico,"Lunay , Daddy Yankee , Bad Bunny",77,2019-10-25,Top Tracks of 2019
247,0.767,0.709,1,-4.47,1,0.336,0.323,0.0,0.0745,0.72,171.993,audio_features,132ALUzVLmqYB4UsBj5qD6,spotify:track:132ALUzVLmqYB4UsBj5qD6,https://api.spotify.com/v1/tracks/132ALUzVLmqYB4UsBj5qD6,https://api.spotify.com/v1/audio-analysis/132ALUzVLmqYB4UsBj5qD6,256971,4,Adan y Eva,Homerun,Paulo Londra,74,2019-05-23,Top Tracks of 2019
248,0.652,0.557,1,-5.714,0,0.0318,0.74,0.0,0.124,0.483,150.073,audio_features,2qxmye6gAegTMjLKEBoR3d,spotify:track:2qxmye6gAegTMjLKEBoR3d,https://api.spotify.com/v1/tracks/2qxmye6gAegTMjLKEBoR3d,https://api.spotify.com/v1/audio-analysis/2qxmye6gAegTMjLKEBoR3d,169353,4,Let Me Down Slowly,Narrated For You,Alec Benjamin,84,2018-11-16,Top Tracks of 2019
249,0.585,0.52,5,-6.136,0,0.0712,0.124,7.01e-05,0.131,0.129,159.801,audio_features,0e7ipj03S05BNilyu5bRzt,spotify:track:0e7ipj03S05BNilyu5bRzt,https://api.spotify.com/v1/tracks/0e7ipj03S05BNilyu5bRzt,https://api.spotify.com/v1/audio-analysis/0e7ipj03S05BNilyu5bRzt,218146,4,rockstar (feat. 21 Savage),beerbongs & bentleys,"Post Malone , 21 Savage",86,2018-04-27,Top Tracks of 2019
